"Project","ScanDate","DependencyName","DependencyPath","Description","License","Md5","Sha1","Identifiers","CPE","CVE","CWE","Vulnerability","Source","CVSSv2_Severity","CVSSv2_Score","CVSSv2","CVSSv3_BaseSeverity","CVSSv3_BaseScore","CVSSv3","CVSSv4_BaseSeverity","CVSSv4_BaseScore","CVSSv4","CPE Confidence","Evidence Count","VendorProject","Product","Name","DateAdded","ShortDescription","RequiredAction","DueDate","Notes"
Game Application,"Wed, 27 May 2026 19:46:11 +0530",log4j-api-2.24.3.jar,C:\Users\User\.m2\repository\org\apache\logging\log4j\log4j-api\2.24.3\log4j-api-2.24.3.jar,"The logging API of the Log4j project.     Library and application code can log through this API.     It contains a simple built-in implementation (`SimpleLogger`) for trivial use cases.     Production applications are recommended to use Log4j API in combination with a fully-fledged implementation, such as Log4j Core.",Apache-2.0: https://www.apache.org/licenses/LICENSE-2.0.txt,d89516699543c5c21be87ee1760695f3,b02c125db8b6d295adf72ae6e71af5d83bce2370,pkg:maven/org.apache.logging.log4j/log4j-api@2.24.3,cpe:2.3:a:apache:log4j:2.24.3:*:*:*:*:*:*:*,CVE-2026-34479,CWE-116 Improper Encoding or Escaping of Output,"The Log4j1XmlLayout from the Apache Log4j 1-to-Log4j 2 bridge fails to escape characters forbidden by the XML 1.0 standard, producing malformed XML output. Conforming XML parsers are required to reject documents containing such characters with a fatal error, which may cause downstream log processing systems to drop or fail to index affected records.  Two groups of users are affected:    *  Those using Log4j1XmlLayout directly in a Log4j Core 2 configuration file.   *  Those using the Log4j 1 configuration compatibility layer with org.apache.log4j.xml.XMLLayout specified as the layout class.   Users are advised to upgrade to Apache Log4j 1-to-Log4j 2 bridge version 2.25.4, which corrects this issue.  Note: The Apache Log4j 1-to-Log4j 2 bridge is deprecated and will not be present in Log4j 3. Users are encouraged to consult the  Log4j 1 to Log4j 2 migration guide https://logging.apache.org/log4j/2.x/migrate-from-log4j1.html , and specifically the section on eliminating reliance on the bridge.",NVD,"","","",HIGH,7.5,CVSS:3.1/AV:N/AC:L/PR:N/UI:N/S:U/C:N/I:H/A:N/E:3.9/RC:R/MAV:A,MEDIUM,6.9,CVSS:4.0/AV:N/AC:L/AT:N/PR:N/UI:N/VC:N/VI:N/VA:N/SC:N/SI:L/SA:N/E:X/CR:X/IR:X/AR:X/MAV:X/MAC:X/MAT:X/MPR:X/MUI:X/MVC:X/MVI:X/MVA:X/MSC:X/MSI:X/MSA:X/S:X/AU:X/R:N/V:X/RE:X/U:X,HIGH,41,"","","","","","","",""
Game Application,"Wed, 27 May 2026 19:46:11 +0530",log4j-api-2.24.3.jar,C:\Users\User\.m2\repository\org\apache\logging\log4j\log4j-api\2.24.3\log4j-api-2.24.3.jar,"The logging API of the Log4j project.     Library and application code can log through this API.     It contains a simple built-in implementation (`SimpleLogger`) for trivial use cases.     Production applications are recommended to use Log4j API in combination with a fully-fledged implementation, such as Log4j Core.",Apache-2.0: https://www.apache.org/licenses/LICENSE-2.0.txt,d89516699543c5c21be87ee1760695f3,b02c125db8b6d295adf72ae6e71af5d83bce2370,pkg:maven/org.apache.logging.log4j/log4j-api@2.24.3,cpe:2.3:a:apache:log4j:2.24.3:*:*:*:*:*:*:*,CVE-2026-34477,"CWE-295 Improper Certificate Validation, CWE-297 Improper Validation of Certificate with Host Mismatch","The fix for  CVE-2025-68161 https://logging.apache.org/security.html#CVE-2025-68161  was incomplete: it addressed hostname verification only when enabled via the  log4j2.sslVerifyHostName https://logging.apache.org/log4j/2.x/manual/systemproperties.html#log4j2.sslVerifyHostName  system property, but not when configured through the  verifyHostName https://logging.apache.org/log4j/2.x/manual/appenders/network.html#SslConfiguration-attr-verifyHostName  attribute of the <Ssl> element.  Although the verifyHostName configuration attribute was introduced in Log4j Core 2.12.0, it was silently ignored in all versions through 2.25.3, leaving TLS connections vulnerable to interception regardless of the configured value.  A network-based attacker may be able to perform a man-in-the-middle attack when all of the following conditions are met:    *  An SMTP, Socket, or Syslog appender is in use.   *  TLS is configured via a nested <Ssl> element.   *  The attacker can present a certificate issued by a CA trusted by the appender's configured trust store, or by the default Java trust store if none is configured. This issue does not affect users of the HTTP appender, which uses a separate  verifyHostname https://logging.apache.org/log4j/2.x/manual/appenders/network.html#HttpAppender-attr-verifyHostName  attribute that was not subject to this bug and verifies host names by default.  Users are advised to upgrade to Apache Log4j Core 2.25.4, which corrects this issue.",NVD,"","","",MEDIUM,5.9,CVSS:3.1/AV:N/AC:H/PR:N/UI:N/S:U/C:N/I:H/A:N/E:2.2/RC:R/MAV:A,MEDIUM,6.3,CVSS:4.0/AV:N/AC:H/AT:N/PR:N/UI:N/VC:L/VI:N/VA:N/SC:N/SI:L/SA:N/E:X/CR:X/IR:X/AR:X/MAV:X/MAC:X/MAT:X/MPR:X/MUI:X/MVC:X/MVI:X/MVA:X/MSC:X/MSI:X/MSA:X/S:X/AU:X/R:N/V:X/RE:X/U:X,HIGH,41,"","","","","","","",""
Game Application,"Wed, 27 May 2026 19:46:11 +0530",spring-boot-3.5.0.jar,C:\Users\User\.m2\repository\org\springframework\boot\spring-boot\3.5.0\spring-boot-3.5.0.jar,Spring Boot,"Apache License, Version 2.0: https://www.apache.org/licenses/LICENSE-2.0",bda13182d51c044ec0ce7c4c62a2cc68,ec86afc460265a0219bfafe187acb6c596ac2de1,pkg:maven/org.springframework.boot/spring-boot@3.5.0,cpe:2.3:a:vmware:spring_boot:3.5.0:*:*:*:*:*:*:*,CVE-2026-40974,CWE-295 Improper Certificate Validation,"Spring Boot's Cassandra auto-configuration does not perform hostname verification when establishing an SSL connection to Cassandra.  Affected: Spring Boot 4.0.0–4.0.5 (fix 4.0.6), 3.5.0–3.5.13 (fix 3.5.14), 3.4.0–3.4.15 (fix 3.4.16), 3.3.0–3.3.18 (fix 3.3.19), 2.7.0–2.7.32 (fix 2.7.33); Cassandra SSL auto-configuration. Versions that are no longer supported are also affected per vendor advisory.",NVD,"","","",CRITICAL,9.8,CVSS:3.1/AV:N/AC:L/PR:N/UI:N/S:U/C:H/I:H/A:H/E:3.9/RC:R/MAV:A,"","","",HIGH,38,"","","","","","","",""
Game Application,"Wed, 27 May 2026 19:46:11 +0530",spring-boot-3.5.0.jar,C:\Users\User\.m2\repository\org\springframework\boot\spring-boot\3.5.0\spring-boot-3.5.0.jar,Spring Boot,"Apache License, Version 2.0: https://www.apache.org/licenses/LICENSE-2.0",bda13182d51c044ec0ce7c4c62a2cc68,ec86afc460265a0219bfafe187acb6c596ac2de1,pkg:maven/org.springframework.boot/spring-boot@3.5.0,cpe:2.3:a:vmware:spring_boot:3.5.0:*:*:*:*:*:*:*,CVE-2026-40971,CWE-295 Improper Certificate Validation,"When configured to use an SSL bundle, Spring Boot's RabbitMQ auto-configuration does not perform hostname verification when connecting to the RabbitMQ broker.  Affected: Spring Boot 4.0.0–4.0.5 (fix 4.0.6), 3.5.0–3.5.13 (fix 3.5.14) per vendor advisory.",NVD,"","","",CRITICAL,9.1,CVSS:3.1/AV:N/AC:L/PR:N/UI:N/S:U/C:H/I:H/A:N/E:3.9/RC:R/MAV:A,"","","",HIGH,38,"","","","","","","",""
Game Application,"Wed, 27 May 2026 19:46:11 +0530",spring-boot-3.5.0.jar,C:\Users\User\.m2\repository\org\springframework\boot\spring-boot\3.5.0\spring-boot-3.5.0.jar,Spring Boot,"Apache License, Version 2.0: https://www.apache.org/licenses/LICENSE-2.0",bda13182d51c044ec0ce7c4c62a2cc68,ec86afc460265a0219bfafe187acb6c596ac2de1,pkg:maven/org.springframework.boot/spring-boot@3.5.0,cpe:2.3:a:vmware:spring_boot:3.5.0:*:*:*:*:*:*:*,CVE-2026-22731,"CWE-306 Missing Authentication for Critical Function, CWE-288 Authentication Bypass Using an Alternate Path or Channel","Spring Boot applications with Actuator can be vulnerable to an ""Authentication Bypass"" vulnerability when an application endpoint that requires authentication is declared under a specific path, already configured for a Health Group additional path. This issue affects Spring Boot: from 4.0 before 4.0.3, from 3.5 before 3.5.11, from 3.4 before 3.4.15. This CVE is similar but not equivalent to CVE-2026-22733, as the conditions for exploit and vulnerable versions are different.",NVD,"","","",HIGH,8.1,CVSS:3.1/AV:N/AC:H/PR:N/UI:N/S:U/C:H/I:H/A:H/E:2.2/RC:R/MAV:A,"","","",HIGH,38,"","","","","","","",""
Game Application,"Wed, 27 May 2026 19:46:11 +0530",spring-boot-3.5.0.jar,C:\Users\User\.m2\repository\org\springframework\boot\spring-boot\3.5.0\spring-boot-3.5.0.jar,Spring Boot,"Apache License, Version 2.0: https://www.apache.org/licenses/LICENSE-2.0",bda13182d51c044ec0ce7c4c62a2cc68,ec86afc460265a0219bfafe187acb6c596ac2de1,pkg:maven/org.springframework.boot/spring-boot@3.5.0,cpe:2.3:a:vmware:spring_boot:3.5.0:*:*:*:*:*:*:*,CVE-2026-22733,CWE-288 Authentication Bypass Using an Alternate Path or Channel,"Spring Boot applications with Actuator can be vulnerable to an ""Authentication Bypass"" vulnerability when an application endpoint that requires authentication is declared under the path used by the CloudFoundry Actuator endpoints. This issue affects Spring Security: from 4.0.0 through 4.0.3, from 3.5.0 through 3.5.11, from 3.4.0 through 3.4.14, from 3.3.0 through 3.3.17, from 2.7.0 through 2.7.31.",NVD,"","","",HIGH,8.1,CVSS:3.1/AV:N/AC:H/PR:N/UI:N/S:U/C:H/I:H/A:H/E:2.2/RC:R/MAV:A,"","","",HIGH,38,"","","","","","","",""
Game Application,"Wed, 27 May 2026 19:46:11 +0530",spring-boot-3.5.0.jar,C:\Users\User\.m2\repository\org\springframework\boot\spring-boot\3.5.0\spring-boot-3.5.0.jar,Spring Boot,"Apache License, Version 2.0: https://www.apache.org/licenses/LICENSE-2.0",bda13182d51c044ec0ce7c4c62a2cc68,ec86afc460265a0219bfafe187acb6c596ac2de1,pkg:maven/org.springframework.boot/spring-boot@3.5.0,cpe:2.3:a:vmware:spring_boot:3.5.0:*:*:*:*:*:*:*,CVE-2026-40972,CWE-208 Observable Timing Discrepancy,"An attacker on the same network as the remote application may be able to utilize a timing attack to discover information about the remote secret. In extreme circumstances this could result in the attacker determining the secret and uploading changed classes, thereby achieving remote code execution in the remote application.  Affected: Spring Boot 4.0.0–4.0.5 (fix 4.0.6), 3.5.0–3.5.13 (fix 3.5.14), 3.4.0–3.4.15 (fix 3.4.16), 3.3.0–3.3.18 (fix 3.3.19), 2.7.0–2.7.32 (fix 2.7.33); DevTools remote secret comparison. Versions that are no longer supported are also affected per vendor advisory.",NVD,"","","",HIGH,7.5,CVSS:3.1/AV:A/AC:H/PR:N/UI:N/S:U/C:H/I:H/A:H/E:1.6/RC:R/MAV:A,"","","",HIGH,38,"","","","","","","",""
Game Application,"Wed, 27 May 2026 19:46:11 +0530",spring-boot-3.5.0.jar,C:\Users\User\.m2\repository\org\springframework\boot\spring-boot\3.5.0\spring-boot-3.5.0.jar,Spring Boot,"Apache License, Version 2.0: https://www.apache.org/licenses/LICENSE-2.0",bda13182d51c044ec0ce7c4c62a2cc68,ec86afc460265a0219bfafe187acb6c596ac2de1,pkg:maven/org.springframework.boot/spring-boot@3.5.0,cpe:2.3:a:vmware:spring_boot:3.5.0:*:*:*:*:*:*:*,CVE-2026-40975,CWE-330 Use of Insufficiently Random Values,"Values produced by ${random.value} are not suitable for use as secrets. ${random.uuid} is not affected. ${random.int} and ${random.long} should never be used for secrets as they are numeric values with a predictable range.  Affected: Spring Boot 4.0.0–4.0.5 (fix 4.0.6), 3.5.0–3.5.13 (fix 3.5.14), 3.4.0–3.4.15 (fix 3.4.16), 3.3.0–3.3.18 (fix 3.3.19), 2.7.0–2.7.32 (fix 2.7.33); random value property source / weak PRNG for secrets. Versions that are no longer supported are also affected per vendor advisory.",NVD,"","","",HIGH,7.5,CVSS:3.1/AV:N/AC:L/PR:N/UI:N/S:U/C:H/I:N/A:N/E:3.9/RC:R/MAV:A,"","","",HIGH,38,"","","","","","","",""
Game Application,"Wed, 27 May 2026 19:46:11 +0530",spring-boot-3.5.0.jar,C:\Users\User\.m2\repository\org\springframework\boot\spring-boot\3.5.0\spring-boot-3.5.0.jar,Spring Boot,"Apache License, Version 2.0: https://www.apache.org/licenses/LICENSE-2.0",bda13182d51c044ec0ce7c4c62a2cc68,ec86afc460265a0219bfafe187acb6c596ac2de1,pkg:maven/org.springframework.boot/spring-boot@3.5.0,cpe:2.3:a:vmware:spring_boot:3.5.0:*:*:*:*:*:*:*,CVE-2026-40973,CWE-377 Insecure Temporary File,"A local attacker on the same host as the application may be able to take control of the directory used by `ApplicationTemp`. When `server.servlet.session.persistent` is set to `true` and the attack persists across application restarts, this may allow the attacker to read session information and hijack authenticated users or deploy a gadget chain and execute code as the application's user.  Affected: Spring Boot 4.0.0–4.0.5 (fix 4.0.6), 3.5.0–3.5.13 (fix 3.5.14), 3.4.0–3.4.15 (fix 3.4.16), 3.3.0–3.3.18 (fix 3.3.19), 2.7.0–2.7.32 (fix 2.7.33); predictable temp directory / `ApplicationTemp` ownership verification. Versions that are no longer supported are also affected per vendor advisory.",NVD,"","","",HIGH,7.0,CVSS:3.1/AV:L/AC:H/PR:L/UI:N/S:U/C:H/I:H/A:H/E:1.0/RC:R/MAV:A,"","","",HIGH,38,"","","","","","","",""
Game Application,"Wed, 27 May 2026 19:46:11 +0530",spring-boot-3.5.0.jar,C:\Users\User\.m2\repository\org\springframework\boot\spring-boot\3.5.0\spring-boot-3.5.0.jar,Spring Boot,"Apache License, Version 2.0: https://www.apache.org/licenses/LICENSE-2.0",bda13182d51c044ec0ce7c4c62a2cc68,ec86afc460265a0219bfafe187acb6c596ac2de1,pkg:maven/org.springframework.boot/spring-boot@3.5.0,cpe:2.3:a:vmware:spring_boot:3.5.0:*:*:*:*:*:*:*,CVE-2026-40977,CWE-59 Improper Link Resolution Before File Access ('Link Following'),"When an application is configured to use `ApplicationPidFileWriter`, a local attacker with write access to the PID file's location can corrupt one file on the host each time the application is started.  Affected: Spring Boot 4.0.0–4.0.5 (fix 4.0.6), 3.5.0–3.5.13 (fix 3.5.14), 3.4.0–3.4.15 (fix 3.4.16), 3.3.0–3.3.18 (fix 3.3.19), 2.7.0–2.7.32 (fix 2.7.33); PID file / symlink behavior (`ApplicationPidFileWriter`). Versions that are no longer supported are also affected per vendor advisory.",NVD,"","","",MEDIUM,6.7,CVSS:3.1/AV:L/AC:L/PR:H/UI:N/S:U/C:H/I:H/A:H/E:0.8/RC:R/MAV:A,"","","",HIGH,38,"","","","","","","",""
Game Application,"Wed, 27 May 2026 19:46:11 +0530",spring-boot-starter-thymeleaf-3.5.0.jar,C:\Users\User\.m2\repository\org\springframework\boot\spring-boot-starter-thymeleaf\3.5.0\spring-boot-starter-thymeleaf-3.5.0.jar,Starter for building MVC web applications using Thymeleaf views,"Apache License, Version 2.0: https://www.apache.org/licenses/LICENSE-2.0",919d1e583225f06ca74b5224a50c3ba6,d270a37351ef3dfc3fbde3feac3d3c9710337c20,pkg:maven/org.springframework.boot/spring-boot-starter-thymeleaf@3.5.0,"cpe:2.3:a:thymeleaf:thymeleaf:3.5.0:*:*:*:*:*:*:*, cpe:2.3:a:vmware:spring_boot:3.5.0:*:*:*:*:*:*:*",CVE-2026-40974,CWE-295 Improper Certificate Validation,"Spring Boot's Cassandra auto-configuration does not perform hostname verification when establishing an SSL connection to Cassandra.  Affected: Spring Boot 4.0.0–4.0.5 (fix 4.0.6), 3.5.0–3.5.13 (fix 3.5.14), 3.4.0–3.4.15 (fix 3.4.16), 3.3.0–3.3.18 (fix 3.3.19), 2.7.0–2.7.32 (fix 2.7.33); Cassandra SSL auto-configuration. Versions that are no longer supported are also affected per vendor advisory.",NVD,"","","",CRITICAL,9.8,CVSS:3.1/AV:N/AC:L/PR:N/UI:N/S:U/C:H/I:H/A:H/E:3.9/RC:R/MAV:A,"","","",HIGH,36,"","","","","","","",""
Game Application,"Wed, 27 May 2026 19:46:11 +0530",spring-boot-starter-thymeleaf-3.5.0.jar,C:\Users\User\.m2\repository\org\springframework\boot\spring-boot-starter-thymeleaf\3.5.0\spring-boot-starter-thymeleaf-3.5.0.jar,Starter for building MVC web applications using Thymeleaf views,"Apache License, Version 2.0: https://www.apache.org/licenses/LICENSE-2.0",919d1e583225f06ca74b5224a50c3ba6,d270a37351ef3dfc3fbde3feac3d3c9710337c20,pkg:maven/org.springframework.boot/spring-boot-starter-thymeleaf@3.5.0,"cpe:2.3:a:thymeleaf:thymeleaf:3.5.0:*:*:*:*:*:*:*, cpe:2.3:a:vmware:spring_boot:3.5.0:*:*:*:*:*:*:*",CVE-2026-40971,CWE-295 Improper Certificate Validation,"When configured to use an SSL bundle, Spring Boot's RabbitMQ auto-configuration does not perform hostname verification when connecting to the RabbitMQ broker.  Affected: Spring Boot 4.0.0–4.0.5 (fix 4.0.6), 3.5.0–3.5.13 (fix 3.5.14) per vendor advisory.",NVD,"","","",CRITICAL,9.1,CVSS:3.1/AV:N/AC:L/PR:N/UI:N/S:U/C:H/I:H/A:N/E:3.9/RC:R/MAV:A,"","","",HIGH,36,"","","","","","","",""
Game Application,"Wed, 27 May 2026 19:46:11 +0530",spring-boot-starter-thymeleaf-3.5.0.jar,C:\Users\User\.m2\repository\org\springframework\boot\spring-boot-starter-thymeleaf\3.5.0\spring-boot-starter-thymeleaf-3.5.0.jar,Starter for building MVC web applications using Thymeleaf views,"Apache License, Version 2.0: https://www.apache.org/licenses/LICENSE-2.0",919d1e583225f06ca74b5224a50c3ba6,d270a37351ef3dfc3fbde3feac3d3c9710337c20,pkg:maven/org.springframework.boot/spring-boot-starter-thymeleaf@3.5.0,"cpe:2.3:a:thymeleaf:thymeleaf:3.5.0:*:*:*:*:*:*:*, cpe:2.3:a:vmware:spring_boot:3.5.0:*:*:*:*:*:*:*",CVE-2026-22731,"CWE-306 Missing Authentication for Critical Function, CWE-288 Authentication Bypass Using an Alternate Path or Channel","Spring Boot applications with Actuator can be vulnerable to an ""Authentication Bypass"" vulnerability when an application endpoint that requires authentication is declared under a specific path, already configured for a Health Group additional path. This issue affects Spring Boot: from 4.0 before 4.0.3, from 3.5 before 3.5.11, from 3.4 before 3.4.15. This CVE is similar but not equivalent to CVE-2026-22733, as the conditions for exploit and vulnerable versions are different.",NVD,"","","",HIGH,8.1,CVSS:3.1/AV:N/AC:H/PR:N/UI:N/S:U/C:H/I:H/A:H/E:2.2/RC:R/MAV:A,"","","",HIGH,36,"","","","","","","",""
Game Application,"Wed, 27 May 2026 19:46:11 +0530",spring-boot-starter-thymeleaf-3.5.0.jar,C:\Users\User\.m2\repository\org\springframework\boot\spring-boot-starter-thymeleaf\3.5.0\spring-boot-starter-thymeleaf-3.5.0.jar,Starter for building MVC web applications using Thymeleaf views,"Apache License, Version 2.0: https://www.apache.org/licenses/LICENSE-2.0",919d1e583225f06ca74b5224a50c3ba6,d270a37351ef3dfc3fbde3feac3d3c9710337c20,pkg:maven/org.springframework.boot/spring-boot-starter-thymeleaf@3.5.0,"cpe:2.3:a:thymeleaf:thymeleaf:3.5.0:*:*:*:*:*:*:*, cpe:2.3:a:vmware:spring_boot:3.5.0:*:*:*:*:*:*:*",CVE-2026-22733,CWE-288 Authentication Bypass Using an Alternate Path or Channel,"Spring Boot applications with Actuator can be vulnerable to an ""Authentication Bypass"" vulnerability when an application endpoint that requires authentication is declared under the path used by the CloudFoundry Actuator endpoints. This issue affects Spring Security: from 4.0.0 through 4.0.3, from 3.5.0 through 3.5.11, from 3.4.0 through 3.4.14, from 3.3.0 through 3.3.17, from 2.7.0 through 2.7.31.",NVD,"","","",HIGH,8.1,CVSS:3.1/AV:N/AC:H/PR:N/UI:N/S:U/C:H/I:H/A:H/E:2.2/RC:R/MAV:A,"","","",HIGH,36,"","","","","","","",""
Game Application,"Wed, 27 May 2026 19:46:11 +0530",spring-boot-starter-thymeleaf-3.5.0.jar,C:\Users\User\.m2\repository\org\springframework\boot\spring-boot-starter-thymeleaf\3.5.0\spring-boot-starter-thymeleaf-3.5.0.jar,Starter for building MVC web applications using Thymeleaf views,"Apache License, Version 2.0: https://www.apache.org/licenses/LICENSE-2.0",919d1e583225f06ca74b5224a50c3ba6,d270a37351ef3dfc3fbde3feac3d3c9710337c20,pkg:maven/org.springframework.boot/spring-boot-starter-thymeleaf@3.5.0,"cpe:2.3:a:thymeleaf:thymeleaf:3.5.0:*:*:*:*:*:*:*, cpe:2.3:a:vmware:spring_boot:3.5.0:*:*:*:*:*:*:*",CVE-2026-40972,CWE-208 Observable Timing Discrepancy,"An attacker on the same network as the remote application may be able to utilize a timing attack to discover information about the remote secret. In extreme circumstances this could result in the attacker determining the secret and uploading changed classes, thereby achieving remote code execution in the remote application.  Affected: Spring Boot 4.0.0–4.0.5 (fix 4.0.6), 3.5.0–3.5.13 (fix 3.5.14), 3.4.0–3.4.15 (fix 3.4.16), 3.3.0–3.3.18 (fix 3.3.19), 2.7.0–2.7.32 (fix 2.7.33); DevTools remote secret comparison. Versions that are no longer supported are also affected per vendor advisory.",NVD,"","","",HIGH,7.5,CVSS:3.1/AV:A/AC:H/PR:N/UI:N/S:U/C:H/I:H/A:H/E:1.6/RC:R/MAV:A,"","","",HIGH,36,"","","","","","","",""
Game Application,"Wed, 27 May 2026 19:46:11 +0530",spring-boot-starter-thymeleaf-3.5.0.jar,C:\Users\User\.m2\repository\org\springframework\boot\spring-boot-starter-thymeleaf\3.5.0\spring-boot-starter-thymeleaf-3.5.0.jar,Starter for building MVC web applications using Thymeleaf views,"Apache License, Version 2.0: https://www.apache.org/licenses/LICENSE-2.0",919d1e583225f06ca74b5224a50c3ba6,d270a37351ef3dfc3fbde3feac3d3c9710337c20,pkg:maven/org.springframework.boot/spring-boot-starter-thymeleaf@3.5.0,"cpe:2.3:a:thymeleaf:thymeleaf:3.5.0:*:*:*:*:*:*:*, cpe:2.3:a:vmware:spring_boot:3.5.0:*:*:*:*:*:*:*",CVE-2026-40975,CWE-330 Use of Insufficiently Random Values,"Values produced by ${random.value} are not suitable for use as secrets. ${random.uuid} is not affected. ${random.int} and ${random.long} should never be used for secrets as they are numeric values with a predictable range.  Affected: Spring Boot 4.0.0–4.0.5 (fix 4.0.6), 3.5.0–3.5.13 (fix 3.5.14), 3.4.0–3.4.15 (fix 3.4.16), 3.3.0–3.3.18 (fix 3.3.19), 2.7.0–2.7.32 (fix 2.7.33); random value property source / weak PRNG for secrets. Versions that are no longer supported are also affected per vendor advisory.",NVD,"","","",HIGH,7.5,CVSS:3.1/AV:N/AC:L/PR:N/UI:N/S:U/C:H/I:N/A:N/E:3.9/RC:R/MAV:A,"","","",HIGH,36,"","","","","","","",""
Game Application,"Wed, 27 May 2026 19:46:11 +0530",spring-boot-starter-thymeleaf-3.5.0.jar,C:\Users\User\.m2\repository\org\springframework\boot\spring-boot-starter-thymeleaf\3.5.0\spring-boot-starter-thymeleaf-3.5.0.jar,Starter for building MVC web applications using Thymeleaf views,"Apache License, Version 2.0: https://www.apache.org/licenses/LICENSE-2.0",919d1e583225f06ca74b5224a50c3ba6,d270a37351ef3dfc3fbde3feac3d3c9710337c20,pkg:maven/org.springframework.boot/spring-boot-starter-thymeleaf@3.5.0,"cpe:2.3:a:thymeleaf:thymeleaf:3.5.0:*:*:*:*:*:*:*, cpe:2.3:a:vmware:spring_boot:3.5.0:*:*:*:*:*:*:*",CVE-2026-40973,CWE-377 Insecure Temporary File,"A local attacker on the same host as the application may be able to take control of the directory used by `ApplicationTemp`. When `server.servlet.session.persistent` is set to `true` and the attack persists across application restarts, this may allow the attacker to read session information and hijack authenticated users or deploy a gadget chain and execute code as the application's user.  Affected: Spring Boot 4.0.0–4.0.5 (fix 4.0.6), 3.5.0–3.5.13 (fix 3.5.14), 3.4.0–3.4.15 (fix 3.4.16), 3.3.0–3.3.18 (fix 3.3.19), 2.7.0–2.7.32 (fix 2.7.33); predictable temp directory / `ApplicationTemp` ownership verification. Versions that are no longer supported are also affected per vendor advisory.",NVD,"","","",HIGH,7.0,CVSS:3.1/AV:L/AC:H/PR:L/UI:N/S:U/C:H/I:H/A:H/E:1.0/RC:R/MAV:A,"","","",HIGH,36,"","","","","","","",""
Game Application,"Wed, 27 May 2026 19:46:11 +0530",spring-boot-starter-thymeleaf-3.5.0.jar,C:\Users\User\.m2\repository\org\springframework\boot\spring-boot-starter-thymeleaf\3.5.0\spring-boot-starter-thymeleaf-3.5.0.jar,Starter for building MVC web applications using Thymeleaf views,"Apache License, Version 2.0: https://www.apache.org/licenses/LICENSE-2.0",919d1e583225f06ca74b5224a50c3ba6,d270a37351ef3dfc3fbde3feac3d3c9710337c20,pkg:maven/org.springframework.boot/spring-boot-starter-thymeleaf@3.5.0,"cpe:2.3:a:thymeleaf:thymeleaf:3.5.0:*:*:*:*:*:*:*, cpe:2.3:a:vmware:spring_boot:3.5.0:*:*:*:*:*:*:*",CVE-2026-40977,CWE-59 Improper Link Resolution Before File Access ('Link Following'),"When an application is configured to use `ApplicationPidFileWriter`, a local attacker with write access to the PID file's location can corrupt one file on the host each time the application is started.  Affected: Spring Boot 4.0.0–4.0.5 (fix 4.0.6), 3.5.0–3.5.13 (fix 3.5.14), 3.4.0–3.4.15 (fix 3.4.16), 3.3.0–3.3.18 (fix 3.3.19), 2.7.0–2.7.32 (fix 2.7.33); PID file / symlink behavior (`ApplicationPidFileWriter`). Versions that are no longer supported are also affected per vendor advisory.",NVD,"","","",MEDIUM,6.7,CVSS:3.1/AV:L/AC:L/PR:H/UI:N/S:U/C:H/I:H/A:H/E:0.8/RC:R/MAV:A,"","","",HIGH,36,"","","","","","","",""
Game Application,"Wed, 27 May 2026 19:46:11 +0530",spring-boot-starter-web-3.5.0.jar,C:\Users\User\.m2\repository\org\springframework\boot\spring-boot-starter-web\3.5.0\spring-boot-starter-web-3.5.0.jar,"Starter for building web, including RESTful, applications using Spring MVC. Uses Tomcat as the default embedded container","Apache License, Version 2.0: https://www.apache.org/licenses/LICENSE-2.0",17c05dae69ffaae8870ab95eb9ff8457,29c6198f7e5cd7c4b9a27045d93879e161d6cdd0,pkg:maven/org.springframework.boot/spring-boot-starter-web@3.5.0,"cpe:2.3:a:vmware:spring_boot:3.5.0:*:*:*:*:*:*:*, cpe:2.3:a:web_project:web:3.5.0:*:*:*:*:*:*:*",CVE-2026-40974,CWE-295 Improper Certificate Validation,"Spring Boot's Cassandra auto-configuration does not perform hostname verification when establishing an SSL connection to Cassandra.  Affected: Spring Boot 4.0.0–4.0.5 (fix 4.0.6), 3.5.0–3.5.13 (fix 3.5.14), 3.4.0–3.4.15 (fix 3.4.16), 3.3.0–3.3.18 (fix 3.3.19), 2.7.0–2.7.32 (fix 2.7.33); Cassandra SSL auto-configuration. Versions that are no longer supported are also affected per vendor advisory.",NVD,"","","",CRITICAL,9.8,CVSS:3.1/AV:N/AC:L/PR:N/UI:N/S:U/C:H/I:H/A:H/E:3.9/RC:R/MAV:A,"","","",HIGH,36,"","","","","","","",""
Game Application,"Wed, 27 May 2026 19:46:11 +0530",spring-boot-starter-web-3.5.0.jar,C:\Users\User\.m2\repository\org\springframework\boot\spring-boot-starter-web\3.5.0\spring-boot-starter-web-3.5.0.jar,"Starter for building web, including RESTful, applications using Spring MVC. Uses Tomcat as the default embedded container","Apache License, Version 2.0: https://www.apache.org/licenses/LICENSE-2.0",17c05dae69ffaae8870ab95eb9ff8457,29c6198f7e5cd7c4b9a27045d93879e161d6cdd0,pkg:maven/org.springframework.boot/spring-boot-starter-web@3.5.0,"cpe:2.3:a:vmware:spring_boot:3.5.0:*:*:*:*:*:*:*, cpe:2.3:a:web_project:web:3.5.0:*:*:*:*:*:*:*",CVE-2026-40971,CWE-295 Improper Certificate Validation,"When configured to use an SSL bundle, Spring Boot's RabbitMQ auto-configuration does not perform hostname verification when connecting to the RabbitMQ broker.  Affected: Spring Boot 4.0.0–4.0.5 (fix 4.0.6), 3.5.0–3.5.13 (fix 3.5.14) per vendor advisory.",NVD,"","","",CRITICAL,9.1,CVSS:3.1/AV:N/AC:L/PR:N/UI:N/S:U/C:H/I:H/A:N/E:3.9/RC:R/MAV:A,"","","",HIGH,36,"","","","","","","",""
Game Application,"Wed, 27 May 2026 19:46:11 +0530",spring-boot-starter-web-3.5.0.jar,C:\Users\User\.m2\repository\org\springframework\boot\spring-boot-starter-web\3.5.0\spring-boot-starter-web-3.5.0.jar,"Starter for building web, including RESTful, applications using Spring MVC. Uses Tomcat as the default embedded container","Apache License, Version 2.0: https://www.apache.org/licenses/LICENSE-2.0",17c05dae69ffaae8870ab95eb9ff8457,29c6198f7e5cd7c4b9a27045d93879e161d6cdd0,pkg:maven/org.springframework.boot/spring-boot-starter-web@3.5.0,"cpe:2.3:a:vmware:spring_boot:3.5.0:*:*:*:*:*:*:*, cpe:2.3:a:web_project:web:3.5.0:*:*:*:*:*:*:*",CVE-2026-22731,"CWE-306 Missing Authentication for Critical Function, CWE-288 Authentication Bypass Using an Alternate Path or Channel","Spring Boot applications with Actuator can be vulnerable to an ""Authentication Bypass"" vulnerability when an application endpoint that requires authentication is declared under a specific path, already configured for a Health Group additional path. This issue affects Spring Boot: from 4.0 before 4.0.3, from 3.5 before 3.5.11, from 3.4 before 3.4.15. This CVE is similar but not equivalent to CVE-2026-22733, as the conditions for exploit and vulnerable versions are different.",NVD,"","","",HIGH,8.1,CVSS:3.1/AV:N/AC:H/PR:N/UI:N/S:U/C:H/I:H/A:H/E:2.2/RC:R/MAV:A,"","","",HIGH,36,"","","","","","","",""
Game Application,"Wed, 27 May 2026 19:46:11 +0530",spring-boot-starter-web-3.5.0.jar,C:\Users\User\.m2\repository\org\springframework\boot\spring-boot-starter-web\3.5.0\spring-boot-starter-web-3.5.0.jar,"Starter for building web, including RESTful, applications using Spring MVC. Uses Tomcat as the default embedded container","Apache License, Version 2.0: https://www.apache.org/licenses/LICENSE-2.0",17c05dae69ffaae8870ab95eb9ff8457,29c6198f7e5cd7c4b9a27045d93879e161d6cdd0,pkg:maven/org.springframework.boot/spring-boot-starter-web@3.5.0,"cpe:2.3:a:vmware:spring_boot:3.5.0:*:*:*:*:*:*:*, cpe:2.3:a:web_project:web:3.5.0:*:*:*:*:*:*:*",CVE-2026-22733,CWE-288 Authentication Bypass Using an Alternate Path or Channel,"Spring Boot applications with Actuator can be vulnerable to an ""Authentication Bypass"" vulnerability when an application endpoint that requires authentication is declared under the path used by the CloudFoundry Actuator endpoints. This issue affects Spring Security: from 4.0.0 through 4.0.3, from 3.5.0 through 3.5.11, from 3.4.0 through 3.4.14, from 3.3.0 through 3.3.17, from 2.7.0 through 2.7.31.",NVD,"","","",HIGH,8.1,CVSS:3.1/AV:N/AC:H/PR:N/UI:N/S:U/C:H/I:H/A:H/E:2.2/RC:R/MAV:A,"","","",HIGH,36,"","","","","","","",""
Game Application,"Wed, 27 May 2026 19:46:11 +0530",spring-boot-starter-web-3.5.0.jar,C:\Users\User\.m2\repository\org\springframework\boot\spring-boot-starter-web\3.5.0\spring-boot-starter-web-3.5.0.jar,"Starter for building web, including RESTful, applications using Spring MVC. Uses Tomcat as the default embedded container","Apache License, Version 2.0: https://www.apache.org/licenses/LICENSE-2.0",17c05dae69ffaae8870ab95eb9ff8457,29c6198f7e5cd7c4b9a27045d93879e161d6cdd0,pkg:maven/org.springframework.boot/spring-boot-starter-web@3.5.0,"cpe:2.3:a:vmware:spring_boot:3.5.0:*:*:*:*:*:*:*, cpe:2.3:a:web_project:web:3.5.0:*:*:*:*:*:*:*",CVE-2026-40972,CWE-208 Observable Timing Discrepancy,"An attacker on the same network as the remote application may be able to utilize a timing attack to discover information about the remote secret. In extreme circumstances this could result in the attacker determining the secret and uploading changed classes, thereby achieving remote code execution in the remote application.  Affected: Spring Boot 4.0.0–4.0.5 (fix 4.0.6), 3.5.0–3.5.13 (fix 3.5.14), 3.4.0–3.4.15 (fix 3.4.16), 3.3.0–3.3.18 (fix 3.3.19), 2.7.0–2.7.32 (fix 2.7.33); DevTools remote secret comparison. Versions that are no longer supported are also affected per vendor advisory.",NVD,"","","",HIGH,7.5,CVSS:3.1/AV:A/AC:H/PR:N/UI:N/S:U/C:H/I:H/A:H/E:1.6/RC:R/MAV:A,"","","",HIGH,36,"","","","","","","",""
Game Application,"Wed, 27 May 2026 19:46:11 +0530",spring-boot-starter-web-3.5.0.jar,C:\Users\User\.m2\repository\org\springframework\boot\spring-boot-starter-web\3.5.0\spring-boot-starter-web-3.5.0.jar,"Starter for building web, including RESTful, applications using Spring MVC. Uses Tomcat as the default embedded container","Apache License, Version 2.0: https://www.apache.org/licenses/LICENSE-2.0",17c05dae69ffaae8870ab95eb9ff8457,29c6198f7e5cd7c4b9a27045d93879e161d6cdd0,pkg:maven/org.springframework.boot/spring-boot-starter-web@3.5.0,"cpe:2.3:a:vmware:spring_boot:3.5.0:*:*:*:*:*:*:*, cpe:2.3:a:web_project:web:3.5.0:*:*:*:*:*:*:*",CVE-2026-40975,CWE-330 Use of Insufficiently Random Values,"Values produced by ${random.value} are not suitable for use as secrets. ${random.uuid} is not affected. ${random.int} and ${random.long} should never be used for secrets as they are numeric values with a predictable range.  Affected: Spring Boot 4.0.0–4.0.5 (fix 4.0.6), 3.5.0–3.5.13 (fix 3.5.14), 3.4.0–3.4.15 (fix 3.4.16), 3.3.0–3.3.18 (fix 3.3.19), 2.7.0–2.7.32 (fix 2.7.33); random value property source / weak PRNG for secrets. Versions that are no longer supported are also affected per vendor advisory.",NVD,"","","",HIGH,7.5,CVSS:3.1/AV:N/AC:L/PR:N/UI:N/S:U/C:H/I:N/A:N/E:3.9/RC:R/MAV:A,"","","",HIGH,36,"","","","","","","",""
Game Application,"Wed, 27 May 2026 19:46:11 +0530",spring-boot-starter-web-3.5.0.jar,C:\Users\User\.m2\repository\org\springframework\boot\spring-boot-starter-web\3.5.0\spring-boot-starter-web-3.5.0.jar,"Starter for building web, including RESTful, applications using Spring MVC. Uses Tomcat as the default embedded container","Apache License, Version 2.0: https://www.apache.org/licenses/LICENSE-2.0",17c05dae69ffaae8870ab95eb9ff8457,29c6198f7e5cd7c4b9a27045d93879e161d6cdd0,pkg:maven/org.springframework.boot/spring-boot-starter-web@3.5.0,"cpe:2.3:a:vmware:spring_boot:3.5.0:*:*:*:*:*:*:*, cpe:2.3:a:web_project:web:3.5.0:*:*:*:*:*:*:*",CVE-2026-40973,CWE-377 Insecure Temporary File,"A local attacker on the same host as the application may be able to take control of the directory used by `ApplicationTemp`. When `server.servlet.session.persistent` is set to `true` and the attack persists across application restarts, this may allow the attacker to read session information and hijack authenticated users or deploy a gadget chain and execute code as the application's user.  Affected: Spring Boot 4.0.0–4.0.5 (fix 4.0.6), 3.5.0–3.5.13 (fix 3.5.14), 3.4.0–3.4.15 (fix 3.4.16), 3.3.0–3.3.18 (fix 3.3.19), 2.7.0–2.7.32 (fix 2.7.33); predictable temp directory / `ApplicationTemp` ownership verification. Versions that are no longer supported are also affected per vendor advisory.",NVD,"","","",HIGH,7.0,CVSS:3.1/AV:L/AC:H/PR:L/UI:N/S:U/C:H/I:H/A:H/E:1.0/RC:R/MAV:A,"","","",HIGH,36,"","","","","","","",""
Game Application,"Wed, 27 May 2026 19:46:11 +0530",spring-boot-starter-web-3.5.0.jar,C:\Users\User\.m2\repository\org\springframework\boot\spring-boot-starter-web\3.5.0\spring-boot-starter-web-3.5.0.jar,"Starter for building web, including RESTful, applications using Spring MVC. Uses Tomcat as the default embedded container","Apache License, Version 2.0: https://www.apache.org/licenses/LICENSE-2.0",17c05dae69ffaae8870ab95eb9ff8457,29c6198f7e5cd7c4b9a27045d93879e161d6cdd0,pkg:maven/org.springframework.boot/spring-boot-starter-web@3.5.0,"cpe:2.3:a:vmware:spring_boot:3.5.0:*:*:*:*:*:*:*, cpe:2.3:a:web_project:web:3.5.0:*:*:*:*:*:*:*",CVE-2026-40977,CWE-59 Improper Link Resolution Before File Access ('Link Following'),"When an application is configured to use `ApplicationPidFileWriter`, a local attacker with write access to the PID file's location can corrupt one file on the host each time the application is started.  Affected: Spring Boot 4.0.0–4.0.5 (fix 4.0.6), 3.5.0–3.5.13 (fix 3.5.14), 3.4.0–3.4.15 (fix 3.4.16), 3.3.0–3.3.18 (fix 3.3.19), 2.7.0–2.7.32 (fix 2.7.33); PID file / symlink behavior (`ApplicationPidFileWriter`). Versions that are no longer supported are also affected per vendor advisory.",NVD,"","","",MEDIUM,6.7,CVSS:3.1/AV:L/AC:L/PR:H/UI:N/S:U/C:H/I:H/A:H/E:0.8/RC:R/MAV:A,"","","",HIGH,36,"","","","","","","",""
Game Application,"Wed, 27 May 2026 19:46:11 +0530",spring-core-6.2.7.jar,C:\Users\User\.m2\repository\org\springframework\spring-core\6.2.7\spring-core-6.2.7.jar,Spring Core,"Apache License, Version 2.0: https://www.apache.org/licenses/LICENSE-2.0",a671eff16be00f71823d9aa77baff8e4,525a228b8b4323568b7aa9e49c1e1df27838adf1,pkg:maven/org.springframework/spring-core@6.2.7,"cpe:2.3:a:pivotal_software:spring_framework:6.2.7:*:*:*:*:*:*:*, cpe:2.3:a:springsource:spring_framework:6.2.7:*:*:*:*:*:*:*, cpe:2.3:a:vmware:spring_framework:6.2.7:*:*:*:*:*:*:*",CVE-2026-22740,CWE-400 Uncontrolled Resource Consumption,"A WebFlux server application that processes multipart requests creates temp files for parts larger than 10 K. Under some circumstances, temp files may remain not deleted after the request is fully processed. This allows an attacker to consume available disk space.  Older, unsupported versions are also affected.",NVD,"","","",MEDIUM,6.5,CVSS:3.1/AV:N/AC:L/PR:L/UI:N/S:U/C:N/I:N/A:H/E:2.8/RC:R/MAV:A,"","","",HIGH,41,"","","","","","","",""
Game Application,"Wed, 27 May 2026 19:46:11 +0530",spring-core-6.2.7.jar,C:\Users\User\.m2\repository\org\springframework\spring-core\6.2.7\spring-core-6.2.7.jar,Spring Core,"Apache License, Version 2.0: https://www.apache.org/licenses/LICENSE-2.0",a671eff16be00f71823d9aa77baff8e4,525a228b8b4323568b7aa9e49c1e1df27838adf1,pkg:maven/org.springframework/spring-core@6.2.7,"cpe:2.3:a:pivotal_software:spring_framework:6.2.7:*:*:*:*:*:*:*, cpe:2.3:a:springsource:spring_framework:6.2.7:*:*:*:*:*:*:*, cpe:2.3:a:vmware:spring_framework:6.2.7:*:*:*:*:*:*:*",CVE-2026-22737,CWE-22 Improper Limitation of a Pathname to a Restricted Directory ('Path Traversal'),"Use of Java scripting engine enabled (e.g. JRuby, Jython) template views in Spring MVC and Spring WebFlux applications can result in disclosure of content from files outside the configured locations for script template views. This issue affects Spring Framework: from 7.0.0 through 7.0.5, from 6.2.0 through 6.2.16, from 6.1.0 through 6.1.25, from 5.3.0 through 5.3.46.",NVD,"","","",MEDIUM,5.9,CVSS:3.1/AV:N/AC:H/PR:N/UI:N/S:U/C:H/I:N/A:N/E:2.2/RC:R/MAV:A,"","","",HIGH,41,"","","","","","","",""
Game Application,"Wed, 27 May 2026 19:46:11 +0530",spring-core-6.2.7.jar,C:\Users\User\.m2\repository\org\springframework\spring-core\6.2.7\spring-core-6.2.7.jar,Spring Core,"Apache License, Version 2.0: https://www.apache.org/licenses/LICENSE-2.0",a671eff16be00f71823d9aa77baff8e4,525a228b8b4323568b7aa9e49c1e1df27838adf1,pkg:maven/org.springframework/spring-core@6.2.7,"cpe:2.3:a:pivotal_software:spring_framework:6.2.7:*:*:*:*:*:*:*, cpe:2.3:a:springsource:spring_framework:6.2.7:*:*:*:*:*:*:*, cpe:2.3:a:vmware:spring_framework:6.2.7:*:*:*:*:*:*:*",CVE-2026-22745,CWE-400 Uncontrolled Resource Consumption,"Spring MVC and WebFlux applications are vulnerable to Denial of Service attacks when resolving static resources.   More precisely, an application can be vulnerable when all the following are true:    *  the application is using Spring MVC or Spring WebFlux   *  the application is serving static resources from the file system   *  the application is running on a Windows platform   When all the conditions above are met, the attacker can send malicious requests that are slow to resolve and that can keep HTTP connections in use. This can cause a Denial of Service on the application.",NVD,"","","",MEDIUM,5.3,CVSS:3.1/AV:N/AC:L/PR:N/UI:N/S:U/C:N/I:N/A:L/E:3.9/RC:R/MAV:A,"","","",HIGH,41,"","","","","","","",""
Game Application,"Wed, 27 May 2026 19:46:11 +0530",spring-core-6.2.7.jar,C:\Users\User\.m2\repository\org\springframework\spring-core\6.2.7\spring-core-6.2.7.jar,Spring Core,"Apache License, Version 2.0: https://www.apache.org/licenses/LICENSE-2.0",a671eff16be00f71823d9aa77baff8e4,525a228b8b4323568b7aa9e49c1e1df27838adf1,pkg:maven/org.springframework/spring-core@6.2.7,"cpe:2.3:a:pivotal_software:spring_framework:6.2.7:*:*:*:*:*:*:*, cpe:2.3:a:springsource:spring_framework:6.2.7:*:*:*:*:*:*:*, cpe:2.3:a:vmware:spring_framework:6.2.7:*:*:*:*:*:*:*",CVE-2026-22741,CWE-524 Use of Cache Containing Sensitive Information,"Spring MVC and WebFlux applications are vulnerable to cache poisoning when resolving static resources.   More precisely, an application can be vulnerable when all the following are true:    *  the application is using Spring MVC or Spring WebFlux   *  the application is configuring the  resource chain support https://docs.spring.io/spring-framework/reference/web/webmvc/mvc-config/static-resources.html#page-title  with caching enabled   *  the application adds support for encoded resources resolution   *  the resource cache must be empty when the attacker has access to the application   When all the conditions above are met, the attacker can send malicious requests and poison the resource cache with resources using the wrong encoding. This can cause a denial of service by breaking the front-end application for clients.",NVD,"","","",LOW,3.1,CVSS:3.1/AV:N/AC:H/PR:N/UI:R/S:U/C:N/I:N/A:L/E:1.6/RC:R/MAV:A,"","","",HIGH,41,"","","","","","","",""
Game Application,"Wed, 27 May 2026 19:46:11 +0530",spring-core-6.2.7.jar,C:\Users\User\.m2\repository\org\springframework\spring-core\6.2.7\spring-core-6.2.7.jar,Spring Core,"Apache License, Version 2.0: https://www.apache.org/licenses/LICENSE-2.0",a671eff16be00f71823d9aa77baff8e4,525a228b8b4323568b7aa9e49c1e1df27838adf1,pkg:maven/org.springframework/spring-core@6.2.7,"cpe:2.3:a:pivotal_software:spring_framework:6.2.7:*:*:*:*:*:*:*, cpe:2.3:a:springsource:spring_framework:6.2.7:*:*:*:*:*:*:*, cpe:2.3:a:vmware:spring_framework:6.2.7:*:*:*:*:*:*:*",CVE-2026-22735,CWE-667 Improper Locking,"Spring MVC and WebFlux applications are vulnerable to stream corruption when using Server-Sent Events (SSE). This issue affects Spring Foundation: from 7.0.0 through 7.0.5, from 6.2.0 through 6.2.16, from 6.1.0 through 6.1.25, from 5.3.0 through 5.3.46.",NVD,"","","",LOW,2.6,CVSS:3.1/AV:N/AC:H/PR:L/UI:R/S:U/C:N/I:L/A:N/E:1.2/RC:R/MAV:A,"","","",HIGH,41,"","","","","","","",""
Game Application,"Wed, 27 May 2026 19:46:11 +0530",spring-security-core-6.5.0.jar,C:\Users\User\.m2\repository\org\springframework\security\spring-security-core\6.5.0\spring-security-core-6.5.0.jar,Spring Security,"Apache License, Version 2.0: https://www.apache.org/licenses/LICENSE-2.0",3eff6901fd79f20bbd1bf8dba5fdcbea,8aaee0c3b38897272e21dc5545451493c60dbdd0,pkg:maven/org.springframework.security/spring-security-core@6.5.0,"cpe:2.3:a:pivotal_software:spring_security:6.5.0:*:*:*:*:*:*:*, cpe:2.3:a:vmware:spring_security:6.5.0:*:*:*:*:*:*:*",CVE-2026-22732,CWE-425 Direct Request ('Forced Browsing'),"When applications specify HTTP response headers for servlet applications using Spring Security, there is the possibility that the HTTP Headers will not be written.  This issue affects Spring Security Servlet applications using lazy (default) writing of HTTP Headers:  : from 5.7.0 through 5.7.21, from 5.8.0 through 5.8.23, from 6.3.0 through 6.3.14, from 6.4.0 through 6.4.14, from 6.5.0 through 6.5.8, from 7.0.0 through 7.0.3.",NVD,"","","",CRITICAL,9.1,CVSS:3.1/AV:N/AC:L/PR:N/UI:N/S:U/C:H/I:H/A:N/E:3.9/RC:R/MAV:A,"","","",HIGH,38,"","","","","","","",""
Game Application,"Wed, 27 May 2026 19:46:11 +0530",spring-security-core-6.5.0.jar,C:\Users\User\.m2\repository\org\springframework\security\spring-security-core\6.5.0\spring-security-core-6.5.0.jar,Spring Security,"Apache License, Version 2.0: https://www.apache.org/licenses/LICENSE-2.0",3eff6901fd79f20bbd1bf8dba5fdcbea,8aaee0c3b38897272e21dc5545451493c60dbdd0,pkg:maven/org.springframework.security/spring-security-core@6.5.0,"cpe:2.3:a:pivotal_software:spring_security:6.5.0:*:*:*:*:*:*:*, cpe:2.3:a:vmware:spring_security:6.5.0:*:*:*:*:*:*:*",CVE-2026-22748,CWE-20 Improper Input Validation,"Vulnerability in Spring Spring Security. When an application configures JWT decoding with NimbusJwtDecoder  or NimbusReactiveJwtDecoder, it must configure an OAuth2TokenValidator<Jwt> separately, for example by calling setJwtValidator.This issue affects Spring Security: from 6.3.0 through 6.3.14, from 6.4.0 through 6.4.14, from 6.5.0 through 6.5.9, from 7.0.0 through 7.0.4.",NVD,"","","",MEDIUM,6.5,CVSS:3.1/AV:N/AC:L/PR:L/UI:N/S:U/C:N/I:H/A:N/E:2.8/RC:R/MAV:A,"","","",HIGH,38,"","","","","","","",""
Game Application,"Wed, 27 May 2026 19:46:11 +0530",spring-security-core-6.5.0.jar,C:\Users\User\.m2\repository\org\springframework\security\spring-security-core\6.5.0\spring-security-core-6.5.0.jar,Spring Security,"Apache License, Version 2.0: https://www.apache.org/licenses/LICENSE-2.0",3eff6901fd79f20bbd1bf8dba5fdcbea,8aaee0c3b38897272e21dc5545451493c60dbdd0,pkg:maven/org.springframework.security/spring-security-core@6.5.0,"cpe:2.3:a:pivotal_software:spring_security:6.5.0:*:*:*:*:*:*:*, cpe:2.3:a:vmware:spring_security:6.5.0:*:*:*:*:*:*:*",CVE-2026-22751,CWE-367 Time-of-check Time-of-use (TOCTOU) Race Condition,"Vulnerability in Spring Spring Security. Applications that explicitly configure One-Time Token login with JdbcOneTimeTokenService are vulnerable to a Time-of-check Time-of-use (TOCTOU) race condition. This issue affects Spring Security: from 6.4.0 through 6.4.15, from 6.5.0 through 6.5.9, from 7.0.0 through 7.0.4.",NVD,"","","",MEDIUM,4.8,CVSS:3.1/AV:N/AC:H/PR:N/UI:N/S:U/C:L/I:L/A:N/E:2.2/RC:R/MAV:A,"","","",HIGH,38,"","","","","","","",""
Game Application,"Wed, 27 May 2026 19:46:11 +0530",spring-security-core-6.5.0.jar,C:\Users\User\.m2\repository\org\springframework\security\spring-security-core\6.5.0\spring-security-core-6.5.0.jar,Spring Security,"Apache License, Version 2.0: https://www.apache.org/licenses/LICENSE-2.0",3eff6901fd79f20bbd1bf8dba5fdcbea,8aaee0c3b38897272e21dc5545451493c60dbdd0,pkg:maven/org.springframework.security/spring-security-core@6.5.0,"cpe:2.3:a:pivotal_software:spring_security:6.5.0:*:*:*:*:*:*:*, cpe:2.3:a:vmware:spring_security:6.5.0:*:*:*:*:*:*:*",CVE-2026-22746,CWE-208 Observable Timing Discrepancy,"Vulnerability in Spring Spring Security. If an application is using the UserDetails#isEnabled, #isAccountNonExpired, or #isAccountNonLocked user attributes, to enable, expire, or lock users, then DaoAuthenticationProvider's timing attack defense can be bypassed for users who are disabled, expired, or locked.This issue affects Spring Security: from 5.7.0 through 5.7.22, from 5.8.0 through 5.8.24, from 6.3.0 through 6.3.15, from 6.5.0 through 6.5.9, from 7.0.0 through 7.0.4.",NVD,"","","",LOW,3.7,CVSS:3.1/AV:N/AC:H/PR:N/UI:N/S:U/C:L/I:N/A:N/E:2.2/RC:R/MAV:A,"","","",HIGH,38,"","","","","","","",""
Game Application,"Wed, 27 May 2026 19:46:11 +0530",spring-security-web-6.5.0.jar,C:\Users\User\.m2\repository\org\springframework\security\spring-security-web\6.5.0\spring-security-web-6.5.0.jar,Spring Security,"Apache License, Version 2.0: https://www.apache.org/licenses/LICENSE-2.0",ba69ebd5aaf990534b352592c6b2dfee,fe36d58e9f3b8510ad8495e2dd4df9ece8e5ee7c,pkg:maven/org.springframework.security/spring-security-web@6.5.0,"cpe:2.3:a:pivotal_software:spring_security:6.5.0:*:*:*:*:*:*:*, cpe:2.3:a:vmware:spring_security:6.5.0:*:*:*:*:*:*:*, cpe:2.3:a:web_project:web:6.5.0:*:*:*:*:*:*:*",CVE-2026-22732,CWE-425 Direct Request ('Forced Browsing'),"When applications specify HTTP response headers for servlet applications using Spring Security, there is the possibility that the HTTP Headers will not be written.  This issue affects Spring Security Servlet applications using lazy (default) writing of HTTP Headers:  : from 5.7.0 through 5.7.21, from 5.8.0 through 5.8.23, from 6.3.0 through 6.3.14, from 6.4.0 through 6.4.14, from 6.5.0 through 6.5.8, from 7.0.0 through 7.0.3.",NVD,"","","",CRITICAL,9.1,CVSS:3.1/AV:N/AC:L/PR:N/UI:N/S:U/C:H/I:H/A:N/E:3.9/RC:R/MAV:A,"","","",HIGH,38,"","","","","","","",""
Game Application,"Wed, 27 May 2026 19:46:11 +0530",spring-security-web-6.5.0.jar,C:\Users\User\.m2\repository\org\springframework\security\spring-security-web\6.5.0\spring-security-web-6.5.0.jar,Spring Security,"Apache License, Version 2.0: https://www.apache.org/licenses/LICENSE-2.0",ba69ebd5aaf990534b352592c6b2dfee,fe36d58e9f3b8510ad8495e2dd4df9ece8e5ee7c,pkg:maven/org.springframework.security/spring-security-web@6.5.0,"cpe:2.3:a:pivotal_software:spring_security:6.5.0:*:*:*:*:*:*:*, cpe:2.3:a:vmware:spring_security:6.5.0:*:*:*:*:*:*:*, cpe:2.3:a:web_project:web:6.5.0:*:*:*:*:*:*:*",CVE-2026-22748,CWE-20 Improper Input Validation,"Vulnerability in Spring Spring Security. When an application configures JWT decoding with NimbusJwtDecoder  or NimbusReactiveJwtDecoder, it must configure an OAuth2TokenValidator<Jwt> separately, for example by calling setJwtValidator.This issue affects Spring Security: from 6.3.0 through 6.3.14, from 6.4.0 through 6.4.14, from 6.5.0 through 6.5.9, from 7.0.0 through 7.0.4.",NVD,"","","",MEDIUM,6.5,CVSS:3.1/AV:N/AC:L/PR:L/UI:N/S:U/C:N/I:H/A:N/E:2.8/RC:R/MAV:A,"","","",HIGH,38,"","","","","","","",""
Game Application,"Wed, 27 May 2026 19:46:11 +0530",spring-security-web-6.5.0.jar,C:\Users\User\.m2\repository\org\springframework\security\spring-security-web\6.5.0\spring-security-web-6.5.0.jar,Spring Security,"Apache License, Version 2.0: https://www.apache.org/licenses/LICENSE-2.0",ba69ebd5aaf990534b352592c6b2dfee,fe36d58e9f3b8510ad8495e2dd4df9ece8e5ee7c,pkg:maven/org.springframework.security/spring-security-web@6.5.0,"cpe:2.3:a:pivotal_software:spring_security:6.5.0:*:*:*:*:*:*:*, cpe:2.3:a:vmware:spring_security:6.5.0:*:*:*:*:*:*:*, cpe:2.3:a:web_project:web:6.5.0:*:*:*:*:*:*:*",CVE-2026-22751,CWE-367 Time-of-check Time-of-use (TOCTOU) Race Condition,"Vulnerability in Spring Spring Security. Applications that explicitly configure One-Time Token login with JdbcOneTimeTokenService are vulnerable to a Time-of-check Time-of-use (TOCTOU) race condition. This issue affects Spring Security: from 6.4.0 through 6.4.15, from 6.5.0 through 6.5.9, from 7.0.0 through 7.0.4.",NVD,"","","",MEDIUM,4.8,CVSS:3.1/AV:N/AC:H/PR:N/UI:N/S:U/C:L/I:L/A:N/E:2.2/RC:R/MAV:A,"","","",HIGH,38,"","","","","","","",""
Game Application,"Wed, 27 May 2026 19:46:11 +0530",spring-security-web-6.5.0.jar,C:\Users\User\.m2\repository\org\springframework\security\spring-security-web\6.5.0\spring-security-web-6.5.0.jar,Spring Security,"Apache License, Version 2.0: https://www.apache.org/licenses/LICENSE-2.0",ba69ebd5aaf990534b352592c6b2dfee,fe36d58e9f3b8510ad8495e2dd4df9ece8e5ee7c,pkg:maven/org.springframework.security/spring-security-web@6.5.0,"cpe:2.3:a:pivotal_software:spring_security:6.5.0:*:*:*:*:*:*:*, cpe:2.3:a:vmware:spring_security:6.5.0:*:*:*:*:*:*:*, cpe:2.3:a:web_project:web:6.5.0:*:*:*:*:*:*:*",CVE-2026-22746,CWE-208 Observable Timing Discrepancy,"Vulnerability in Spring Spring Security. If an application is using the UserDetails#isEnabled, #isAccountNonExpired, or #isAccountNonLocked user attributes, to enable, expire, or lock users, then DaoAuthenticationProvider's timing attack defense can be bypassed for users who are disabled, expired, or locked.This issue affects Spring Security: from 5.7.0 through 5.7.22, from 5.8.0 through 5.8.24, from 6.3.0 through 6.3.15, from 6.5.0 through 6.5.9, from 7.0.0 through 7.0.4.",NVD,"","","",LOW,3.7,CVSS:3.1/AV:N/AC:H/PR:N/UI:N/S:U/C:L/I:N/A:N/E:2.2/RC:R/MAV:A,"","","",HIGH,38,"","","","","","","",""
Game Application,"Wed, 27 May 2026 19:46:11 +0530",spring-web-6.2.7.jar,C:\Users\User\.m2\repository\org\springframework\spring-web\6.2.7\spring-web-6.2.7.jar,Spring Web,"Apache License, Version 2.0: https://www.apache.org/licenses/LICENSE-2.0",58f2791f66abfb506a506340f4482e33,1bd08eba2f2fd69eef49473e42fe124a20e7f844,pkg:maven/org.springframework/spring-web@6.2.7,"cpe:2.3:a:pivotal_software:spring_framework:6.2.7:*:*:*:*:*:*:*, cpe:2.3:a:springsource:spring_framework:6.2.7:*:*:*:*:*:*:*, cpe:2.3:a:vmware:spring_framework:6.2.7:*:*:*:*:*:*:*, cpe:2.3:a:web_project:web:6.2.7:*:*:*:*:*:*:*",CVE-2026-22740,CWE-400 Uncontrolled Resource Consumption,"A WebFlux server application that processes multipart requests creates temp files for parts larger than 10 K. Under some circumstances, temp files may remain not deleted after the request is fully processed. This allows an attacker to consume available disk space.  Older, unsupported versions are also affected.",NVD,"","","",MEDIUM,6.5,CVSS:3.1/AV:N/AC:L/PR:L/UI:N/S:U/C:N/I:N/A:H/E:2.8/RC:R/MAV:A,"","","",HIGH,35,"","","","","","","",""
Game Application,"Wed, 27 May 2026 19:46:11 +0530",spring-web-6.2.7.jar,C:\Users\User\.m2\repository\org\springframework\spring-web\6.2.7\spring-web-6.2.7.jar,Spring Web,"Apache License, Version 2.0: https://www.apache.org/licenses/LICENSE-2.0",58f2791f66abfb506a506340f4482e33,1bd08eba2f2fd69eef49473e42fe124a20e7f844,pkg:maven/org.springframework/spring-web@6.2.7,"cpe:2.3:a:pivotal_software:spring_framework:6.2.7:*:*:*:*:*:*:*, cpe:2.3:a:springsource:spring_framework:6.2.7:*:*:*:*:*:*:*, cpe:2.3:a:vmware:spring_framework:6.2.7:*:*:*:*:*:*:*, cpe:2.3:a:web_project:web:6.2.7:*:*:*:*:*:*:*",CVE-2026-22737,CWE-22 Improper Limitation of a Pathname to a Restricted Directory ('Path Traversal'),"Use of Java scripting engine enabled (e.g. JRuby, Jython) template views in Spring MVC and Spring WebFlux applications can result in disclosure of content from files outside the configured locations for script template views. This issue affects Spring Framework: from 7.0.0 through 7.0.5, from 6.2.0 through 6.2.16, from 6.1.0 through 6.1.25, from 5.3.0 through 5.3.46.",NVD,"","","",MEDIUM,5.9,CVSS:3.1/AV:N/AC:H/PR:N/UI:N/S:U/C:H/I:N/A:N/E:2.2/RC:R/MAV:A,"","","",HIGH,35,"","","","","","","",""
Game Application,"Wed, 27 May 2026 19:46:11 +0530",spring-web-6.2.7.jar,C:\Users\User\.m2\repository\org\springframework\spring-web\6.2.7\spring-web-6.2.7.jar,Spring Web,"Apache License, Version 2.0: https://www.apache.org/licenses/LICENSE-2.0",58f2791f66abfb506a506340f4482e33,1bd08eba2f2fd69eef49473e42fe124a20e7f844,pkg:maven/org.springframework/spring-web@6.2.7,"cpe:2.3:a:pivotal_software:spring_framework:6.2.7:*:*:*:*:*:*:*, cpe:2.3:a:springsource:spring_framework:6.2.7:*:*:*:*:*:*:*, cpe:2.3:a:vmware:spring_framework:6.2.7:*:*:*:*:*:*:*, cpe:2.3:a:web_project:web:6.2.7:*:*:*:*:*:*:*",CVE-2026-22745,CWE-400 Uncontrolled Resource Consumption,"Spring MVC and WebFlux applications are vulnerable to Denial of Service attacks when resolving static resources.   More precisely, an application can be vulnerable when all the following are true:    *  the application is using Spring MVC or Spring WebFlux   *  the application is serving static resources from the file system   *  the application is running on a Windows platform   When all the conditions above are met, the attacker can send malicious requests that are slow to resolve and that can keep HTTP connections in use. This can cause a Denial of Service on the application.",NVD,"","","",MEDIUM,5.3,CVSS:3.1/AV:N/AC:L/PR:N/UI:N/S:U/C:N/I:N/A:L/E:3.9/RC:R/MAV:A,"","","",HIGH,35,"","","","","","","",""
Game Application,"Wed, 27 May 2026 19:46:11 +0530",spring-web-6.2.7.jar,C:\Users\User\.m2\repository\org\springframework\spring-web\6.2.7\spring-web-6.2.7.jar,Spring Web,"Apache License, Version 2.0: https://www.apache.org/licenses/LICENSE-2.0",58f2791f66abfb506a506340f4482e33,1bd08eba2f2fd69eef49473e42fe124a20e7f844,pkg:maven/org.springframework/spring-web@6.2.7,"cpe:2.3:a:pivotal_software:spring_framework:6.2.7:*:*:*:*:*:*:*, cpe:2.3:a:springsource:spring_framework:6.2.7:*:*:*:*:*:*:*, cpe:2.3:a:vmware:spring_framework:6.2.7:*:*:*:*:*:*:*, cpe:2.3:a:web_project:web:6.2.7:*:*:*:*:*:*:*",CVE-2026-22741,CWE-524 Use of Cache Containing Sensitive Information,"Spring MVC and WebFlux applications are vulnerable to cache poisoning when resolving static resources.   More precisely, an application can be vulnerable when all the following are true:    *  the application is using Spring MVC or Spring WebFlux   *  the application is configuring the  resource chain support https://docs.spring.io/spring-framework/reference/web/webmvc/mvc-config/static-resources.html#page-title  with caching enabled   *  the application adds support for encoded resources resolution   *  the resource cache must be empty when the attacker has access to the application   When all the conditions above are met, the attacker can send malicious requests and poison the resource cache with resources using the wrong encoding. This can cause a denial of service by breaking the front-end application for clients.",NVD,"","","",LOW,3.1,CVSS:3.1/AV:N/AC:H/PR:N/UI:R/S:U/C:N/I:N/A:L/E:1.6/RC:R/MAV:A,"","","",HIGH,35,"","","","","","","",""
Game Application,"Wed, 27 May 2026 19:46:11 +0530",spring-web-6.2.7.jar,C:\Users\User\.m2\repository\org\springframework\spring-web\6.2.7\spring-web-6.2.7.jar,Spring Web,"Apache License, Version 2.0: https://www.apache.org/licenses/LICENSE-2.0",58f2791f66abfb506a506340f4482e33,1bd08eba2f2fd69eef49473e42fe124a20e7f844,pkg:maven/org.springframework/spring-web@6.2.7,"cpe:2.3:a:pivotal_software:spring_framework:6.2.7:*:*:*:*:*:*:*, cpe:2.3:a:springsource:spring_framework:6.2.7:*:*:*:*:*:*:*, cpe:2.3:a:vmware:spring_framework:6.2.7:*:*:*:*:*:*:*, cpe:2.3:a:web_project:web:6.2.7:*:*:*:*:*:*:*",CVE-2026-22735,CWE-667 Improper Locking,"Spring MVC and WebFlux applications are vulnerable to stream corruption when using Server-Sent Events (SSE). This issue affects Spring Foundation: from 7.0.0 through 7.0.5, from 6.2.0 through 6.2.16, from 6.1.0 through 6.1.25, from 5.3.0 through 5.3.46.",NVD,"","","",LOW,2.6,CVSS:3.1/AV:N/AC:H/PR:L/UI:R/S:U/C:N/I:L/A:N/E:1.2/RC:R/MAV:A,"","","",HIGH,35,"","","","","","","",""
Game Application,"Wed, 27 May 2026 19:46:11 +0530",thymeleaf-3.1.3.RELEASE.jar,C:\Users\User\.m2\repository\org\thymeleaf\thymeleaf\3.1.3.RELEASE\thymeleaf-3.1.3.RELEASE.jar,"","",6a513160c67d236d380af821e3a1d093,51474f2a90b282ee97dabcd159c7faf24790f373,pkg:maven/org.thymeleaf/thymeleaf@3.1.3.RELEASE,cpe:2.3:a:thymeleaf:thymeleaf:3.1.3:release:*:*:*:*:*:*,CVE-2026-40477,"CWE-917 Improper Neutralization of Special Elements used in an Expression Language Statement ('Expression Language Injection'), CWE-1336 Improper Neutralization of Special Elements Used in a Template Engine","Thymeleaf is a server-side Java template engine for web and standalone environments. Versions 3.1.3.RELEASE and prior contain a security bypass vulnerability in the expression execution mechanisms. Although the library provides mechanisms to prevent expression injection, it fails to properly restrict the scope of accessible objects, allowing specific potentially sensitive objects to be reached from within a template. If an application developer passes unvalidated user input directly to the template engine, an unauthenticated remote attacker can bypass the library's protections to achieve Server-Side Template Injection (SSTI). This issue has ben fixed in version 3.1.4.RELEASE.",NVD,"","","",CRITICAL,9.0,CVSS:3.1/AV:N/AC:H/PR:N/UI:N/S:C/C:H/I:H/A:H/E:2.2/RC:R/MAV:A,"","","",HIGH,23,"","","","","","","",""
Game Application,"Wed, 27 May 2026 19:46:11 +0530",thymeleaf-3.1.3.RELEASE.jar,C:\Users\User\.m2\repository\org\thymeleaf\thymeleaf\3.1.3.RELEASE\thymeleaf-3.1.3.RELEASE.jar,"","",6a513160c67d236d380af821e3a1d093,51474f2a90b282ee97dabcd159c7faf24790f373,pkg:maven/org.thymeleaf/thymeleaf@3.1.3.RELEASE,cpe:2.3:a:thymeleaf:thymeleaf:3.1.3:release:*:*:*:*:*:*,CVE-2026-40478,"CWE-917 Improper Neutralization of Special Elements used in an Expression Language Statement ('Expression Language Injection'), CWE-1336 Improper Neutralization of Special Elements Used in a Template Engine","Thymeleaf is a server-side Java template engine for web and standalone environments. Versions 3.1.3.RELEASE and prior contain a security bypass vulnerability in the the expression execution mechanisms. Although the library provides mechanisms to prevent expression injection, it fails to properly neutralize specific syntax patterns that allow for the execution of unauthorized expressions. If an application developer passes unvalidated user input directly to the template engine, an unauthenticated remote attacker can bypass the library's protections to achieve Server-Side Template Injection (SSTI). This issue has ben fixed in version 3.1.4.RELEASE.",NVD,"","","",CRITICAL,9.0,CVSS:3.1/AV:N/AC:H/PR:N/UI:N/S:C/C:H/I:H/A:H/E:2.2/RC:R/MAV:A,"","","",HIGH,23,"","","","","","","",""
Game Application,"Wed, 27 May 2026 19:46:11 +0530",tomcat-embed-core-10.1.40.jar,C:\Users\User\.m2\repository\org\apache\tomcat\embed\tomcat-embed-core\10.1.40\tomcat-embed-core-10.1.40.jar,Core Tomcat implementation,"Apache License, Version 2.0: http://www.apache.org/licenses/LICENSE-2.0.txt",469a77d350935dc68e88be91bc337ee1,fc1c09b726336dc6f7dde0408cebb1a56a3a28d3,pkg:maven/org.apache.tomcat.embed/tomcat-embed-core@10.1.40,"cpe:2.3:a:apache:tomcat:10.1.40:*:*:*:*:*:*:*, cpe:2.3:a:apache_tomcat:apache_tomcat:10.1.40:*:*:*:*:*:*:*",CVE-2026-41293,CWE-20 Improper Input Validation,"Improper Input Validation vulnerability in Apache Tomcat.  This issue affects Apache Tomcat: from 11.0.0-M1 through 11.0.21, from 10.1.0-M1 through 10.1.54, from 9.0.0.M1 through 9.0.117, from 10.0.0-M1 through 10.0.27. Older, end of support versions may also be affected.  Users are recommended to upgrade to version [FIXED_VERSION], which fixes the issue.",NVD,"","","",CRITICAL,9.8,CVSS:3.1/AV:N/AC:L/PR:N/UI:N/S:U/C:H/I:H/A:H/E:3.9/RC:R/MAV:A,"","","",HIGH,63,"","","","","","","",""
Game Application,"Wed, 27 May 2026 19:46:11 +0530",tomcat-embed-core-10.1.40.jar,C:\Users\User\.m2\repository\org\apache\tomcat\embed\tomcat-embed-core\10.1.40\tomcat-embed-core-10.1.40.jar,Core Tomcat implementation,"Apache License, Version 2.0: http://www.apache.org/licenses/LICENSE-2.0.txt",469a77d350935dc68e88be91bc337ee1,fc1c09b726336dc6f7dde0408cebb1a56a3a28d3,pkg:maven/org.apache.tomcat.embed/tomcat-embed-core@10.1.40,"cpe:2.3:a:apache:tomcat:10.1.40:*:*:*:*:*:*:*, cpe:2.3:a:apache_tomcat:apache_tomcat:10.1.40:*:*:*:*:*:*:*",CVE-2026-43512,CWE-592 DEPRECATED: Authentication Bypass Issues,"DEPRECATED: Authentication Bypass Issues vulnerability in digest authentication in Apache Tomcat.  This issue affects Apache Tomcat: from 11.0.0-M1 through 11.0.21, from 10.1.0-M1 through 10.1.54, from 9.0.0.M1 through 9.0.117, from 8.5.0 through 8.5.100, from before 7.0.0. Older unsupported versions any also be affect  Users are recommended to upgrade to version 11.0.22, 10.1.55 or 9.0.118 which fix the issue.",NVD,"","","",CRITICAL,9.8,CVSS:3.1/AV:N/AC:L/PR:N/UI:N/S:U/C:H/I:H/A:H/E:3.9/RC:R/MAV:A,"","","",HIGH,63,"","","","","","","",""
Game Application,"Wed, 27 May 2026 19:46:11 +0530",tomcat-embed-core-10.1.40.jar,C:\Users\User\.m2\repository\org\apache\tomcat\embed\tomcat-embed-core\10.1.40\tomcat-embed-core-10.1.40.jar,Core Tomcat implementation,"Apache License, Version 2.0: http://www.apache.org/licenses/LICENSE-2.0.txt",469a77d350935dc68e88be91bc337ee1,fc1c09b726336dc6f7dde0408cebb1a56a3a28d3,pkg:maven/org.apache.tomcat.embed/tomcat-embed-core@10.1.40,"cpe:2.3:a:apache:tomcat:10.1.40:*:*:*:*:*:*:*, cpe:2.3:a:apache_tomcat:apache_tomcat:10.1.40:*:*:*:*:*:*:*",CVE-2025-55754,"CWE-150 Improper Neutralization of Escape, Meta, or Control Sequences","Improper Neutralization of Escape, Meta, or Control Sequences vulnerability in Apache Tomcat.  Tomcat did not escape ANSI escape sequences in log messages. If Tomcat was running in a console on a Windows operating system, and the console supported ANSI escape sequences, it was possible for an attacker to use a specially crafted URL to inject ANSI escape sequences to manipulate the console and the clipboard and attempt to trick an administrator into running an attacker controlled command. While no attack vector was found, it may have been possible to mount this attack on other operating systems.    This issue affects Apache Tomcat: from 11.0.0-M1 through 11.0.10, from 10.1.0-M1 through 10.1.44, from 9.0.40 through 9.0.108.  The following versions were EOL at the time the CVE was created but are  known to be affected: 8.5.60 though 8.5.100. Other, older, EOL versions may also be affected. Users are recommended to upgrade to version 11.0.11 or later, 10.1.45 or later or 9.0.109 or later, which fix the issue.",NVD,"","","",CRITICAL,9.6,CVSS:3.1/AV:N/AC:L/PR:N/UI:R/S:C/C:H/I:H/A:H/E:2.8/RC:R/MAV:A,"","","",HIGH,63,"","","","","","","",""
Game Application,"Wed, 27 May 2026 19:46:11 +0530",tomcat-embed-core-10.1.40.jar,C:\Users\User\.m2\repository\org\apache\tomcat\embed\tomcat-embed-core\10.1.40\tomcat-embed-core-10.1.40.jar,Core Tomcat implementation,"Apache License, Version 2.0: http://www.apache.org/licenses/LICENSE-2.0.txt",469a77d350935dc68e88be91bc337ee1,fc1c09b726336dc6f7dde0408cebb1a56a3a28d3,pkg:maven/org.apache.tomcat.embed/tomcat-embed-core@10.1.40,"cpe:2.3:a:apache:tomcat:10.1.40:*:*:*:*:*:*:*, cpe:2.3:a:apache_tomcat:apache_tomcat:10.1.40:*:*:*:*:*:*:*",CVE-2025-66614,"CWE-20 Improper Input Validation, CWE-295 Improper Certificate Validation","Improper Input Validation vulnerability.  This issue affects Apache Tomcat: from 11.0.0-M1 through 11.0.14, from 10.1.0-M1 through 10.1.49, from 9.0.0-M1 through 9.0.112.  The following versions were EOL at the time the CVE was created but are  known to be affected: 8.5.0 through 8.5.100. Older EOL versions are not affected. Tomcat did not validate that the host name provided via the SNI  extension was the same as the host name provided in the HTTP host header  field. If Tomcat was configured with more than one virtual host and the  TLS configuration for one of those hosts did not require client  certificate authentication but another one did, it was possible for a  client to bypass the client certificate authentication by sending  different host names in the SNI extension and the HTTP host header field.    The vulnerability only applies if client certificate authentication is  only enforced at the Connector. It does not apply if client certificate  authentication is enforced at the web application.   Users are recommended to upgrade to version 11.0.15 or later, 10.1.50 or later or 9.0.113 or later, which fix the issue.",NVD,"","","",CRITICAL,9.1,CVSS:3.1/AV:N/AC:L/PR:N/UI:N/S:U/C:H/I:H/A:N/E:3.9/RC:R/MAV:A,"","","",HIGH,63,"","","","","","","",""
Game Application,"Wed, 27 May 2026 19:46:11 +0530",tomcat-embed-core-10.1.40.jar,C:\Users\User\.m2\repository\org\apache\tomcat\embed\tomcat-embed-core\10.1.40\tomcat-embed-core-10.1.40.jar,Core Tomcat implementation,"Apache License, Version 2.0: http://www.apache.org/licenses/LICENSE-2.0.txt",469a77d350935dc68e88be91bc337ee1,fc1c09b726336dc6f7dde0408cebb1a56a3a28d3,pkg:maven/org.apache.tomcat.embed/tomcat-embed-core@10.1.40,"cpe:2.3:a:apache:tomcat:10.1.40:*:*:*:*:*:*:*, cpe:2.3:a:apache_tomcat:apache_tomcat:10.1.40:*:*:*:*:*:*:*",CVE-2026-29145,CWE-287 Improper Authentication,"CLIENT_CERT authentication does not fail as expected for some scenarios when soft fail is disabled vulnerability in Apache Tomcat, Apache Tomcat Native.  This issue affects Apache Tomcat: from 11.0.0-M1 through 11.0.18, from 10.1.0-M7 through 10.1.52, from 9.0.83 through 9.0.115; Apache Tomcat Native: from 1.1.23 through 1.1.34, from 1.2.0 through 1.2.39, from 1.3.0 through 1.3.6, from 2.0.0 through 2.0.13.  Users are recommended to upgrade to version Tomcat Native 1.3.7 or 2.0.14 and Tomcat 11.0.20, 10.1.53 and 9.0.116, which fix the issue.",NVD,"","","",CRITICAL,9.1,CVSS:3.1/AV:N/AC:L/PR:N/UI:N/S:U/C:H/I:H/A:N/E:3.9/RC:R/MAV:A,"","","",HIGH,63,"","","","","","","",""
Game Application,"Wed, 27 May 2026 19:46:11 +0530",tomcat-embed-core-10.1.40.jar,C:\Users\User\.m2\repository\org\apache\tomcat\embed\tomcat-embed-core\10.1.40\tomcat-embed-core-10.1.40.jar,Core Tomcat implementation,"Apache License, Version 2.0: http://www.apache.org/licenses/LICENSE-2.0.txt",469a77d350935dc68e88be91bc337ee1,fc1c09b726336dc6f7dde0408cebb1a56a3a28d3,pkg:maven/org.apache.tomcat.embed/tomcat-embed-core@10.1.40,"cpe:2.3:a:apache:tomcat:10.1.40:*:*:*:*:*:*:*, cpe:2.3:a:apache_tomcat:apache_tomcat:10.1.40:*:*:*:*:*:*:*",CVE-2026-43515,CWE-285 Improper Authorization,"Improper Authorization vulnerability when multiple method constraints define an HTTP method for the same extension in Apache Tomcat.  This issue affects Apache Tomcat: from 11.0.0-M1 through 11.0.21, from 10.1.0-M1 through 10.1.54, from 9.0.0.M1 through 9.0.117, from 8.5.0 through 8.5.100, from 7.0.0 through 7.0.109.  Users are recommended to upgrade to version 11.0.22, 10.1.55 or 9.0.118 which fix the issue.",NVD,"","","",CRITICAL,9.1,CVSS:3.1/AV:N/AC:L/PR:N/UI:N/S:U/C:H/I:H/A:N/E:3.9/RC:R/MAV:A,"","","",HIGH,63,"","","","","","","",""
Game Application,"Wed, 27 May 2026 19:46:11 +0530",tomcat-embed-core-10.1.40.jar,C:\Users\User\.m2\repository\org\apache\tomcat\embed\tomcat-embed-core\10.1.40\tomcat-embed-core-10.1.40.jar,Core Tomcat implementation,"Apache License, Version 2.0: http://www.apache.org/licenses/LICENSE-2.0.txt",469a77d350935dc68e88be91bc337ee1,fc1c09b726336dc6f7dde0408cebb1a56a3a28d3,pkg:maven/org.apache.tomcat.embed/tomcat-embed-core@10.1.40,"cpe:2.3:a:apache:tomcat:10.1.40:*:*:*:*:*:*:*, cpe:2.3:a:apache_tomcat:apache_tomcat:10.1.40:*:*:*:*:*:*:*",CVE-2025-49124,CWE-426 Untrusted Search Path,"Untrusted Search Path vulnerability in Apache Tomcat installer for Windows. During installation, the Tomcat installer for Windows used icacls.exe without specifying a full path.  This issue affects Apache Tomcat: from 11.0.0-M1 through 11.0.7, from 10.1.0 through 10.1.41, from 9.0.23 through 9.0.105. The following versions were EOL at the time the CVE was created but are  known to be affected: 8.5.0 through 8.5.100 and 7.0.95 through 7.0.109. Other EOL versions may also be affected.   Users are recommended to upgrade to version 11.0.8, 10.1.42 or 9.0.106, which fix the issue.",NVD,"","","",HIGH,8.4,CVSS:3.1/AV:L/AC:L/PR:N/UI:N/S:U/C:H/I:H/A:H/E:2.5/RC:R/MAV:A,"","","",HIGH,63,"","","","","","","",""
Game Application,"Wed, 27 May 2026 19:46:11 +0530",tomcat-embed-core-10.1.40.jar,C:\Users\User\.m2\repository\org\apache\tomcat\embed\tomcat-embed-core\10.1.40\tomcat-embed-core-10.1.40.jar,Core Tomcat implementation,"Apache License, Version 2.0: http://www.apache.org/licenses/LICENSE-2.0.txt",469a77d350935dc68e88be91bc337ee1,fc1c09b726336dc6f7dde0408cebb1a56a3a28d3,pkg:maven/org.apache.tomcat.embed/tomcat-embed-core@10.1.40,"cpe:2.3:a:apache:tomcat:10.1.40:*:*:*:*:*:*:*, cpe:2.3:a:apache_tomcat:apache_tomcat:10.1.40:*:*:*:*:*:*:*",CVE-2025-48988,CWE-770 Allocation of Resources Without Limits or Throttling,"Allocation of Resources Without Limits or Throttling vulnerability in Apache Tomcat.  This issue affects Apache Tomcat: from 11.0.0-M1 through 11.0.7, from 10.1.0-M1 through 10.1.41, from 9.0.0.M1 through 9.0.105. The following versions were EOL at the time the CVE was created but are  known to be affected: 8.5.0 though 8.5.100. Other, older, EOL versions  may also be affected.   Users are recommended to upgrade to version 11.0.8, 10.1.42 or 9.0.106, which fix the issue.",NVD,"","","",HIGH,7.5,CVSS:3.1/AV:N/AC:L/PR:N/UI:N/S:U/C:N/I:N/A:H/E:3.9/RC:R/MAV:A,"","","",HIGH,63,"","","","","","","",""
Game Application,"Wed, 27 May 2026 19:46:11 +0530",tomcat-embed-core-10.1.40.jar,C:\Users\User\.m2\repository\org\apache\tomcat\embed\tomcat-embed-core\10.1.40\tomcat-embed-core-10.1.40.jar,Core Tomcat implementation,"Apache License, Version 2.0: http://www.apache.org/licenses/LICENSE-2.0.txt",469a77d350935dc68e88be91bc337ee1,fc1c09b726336dc6f7dde0408cebb1a56a3a28d3,pkg:maven/org.apache.tomcat.embed/tomcat-embed-core@10.1.40,"cpe:2.3:a:apache:tomcat:10.1.40:*:*:*:*:*:*:*, cpe:2.3:a:apache_tomcat:apache_tomcat:10.1.40:*:*:*:*:*:*:*",CVE-2025-48989,CWE-404 Improper Resource Shutdown or Release,"Improper Resource Shutdown or Release vulnerability in Apache Tomcat made Tomcat vulnerable to the made you reset attack.  This issue affects Apache Tomcat: from 11.0.0-M1 through 11.0.9, from 10.1.0-M1 through 10.1.43 and from 9.0.0.M1 through 9.0.107. Older, EOL versions may also be affected.  Users are recommended to upgrade to one of versions 11.0.10, 10.1.44 or 9.0.108 which fix the issue.",NVD,"","","",HIGH,7.5,CVSS:3.1/AV:N/AC:L/PR:N/UI:N/S:U/C:N/I:N/A:H/E:3.9/RC:R/MAV:A,"","","",HIGH,63,"","","","","","","",""
Game Application,"Wed, 27 May 2026 19:46:11 +0530",tomcat-embed-core-10.1.40.jar,C:\Users\User\.m2\repository\org\apache\tomcat\embed\tomcat-embed-core\10.1.40\tomcat-embed-core-10.1.40.jar,Core Tomcat implementation,"Apache License, Version 2.0: http://www.apache.org/licenses/LICENSE-2.0.txt",469a77d350935dc68e88be91bc337ee1,fc1c09b726336dc6f7dde0408cebb1a56a3a28d3,pkg:maven/org.apache.tomcat.embed/tomcat-embed-core@10.1.40,"cpe:2.3:a:apache:tomcat:10.1.40:*:*:*:*:*:*:*, cpe:2.3:a:apache_tomcat:apache_tomcat:10.1.40:*:*:*:*:*:*:*",CVE-2025-49125,CWE-288 Authentication Bypass Using an Alternate Path or Channel,"Authentication Bypass Using an Alternate Path or Channel vulnerability in Apache Tomcat.  When using PreResources or PostResources mounted other than at the root of the web application, it was possible to access those resources via an unexpected path. That path was likely not to be protected by the same security constraints as the expected path, allowing those security constraints to be bypassed.  This issue affects Apache Tomcat: from 11.0.0-M1 through 11.0.7, from 10.1.0-M1 through 10.1.41, from 9.0.0.M1 through 9.0.105. The following versions were EOL at the time the CVE was created but are  known to be affected: 8.5.0 through 8.5.100. Other, older, EOL versions  may also be affected.   Users are recommended to upgrade to version 11.0.8, 10.1.42 or 9.0.106, which fix the issue.",NVD,"","","",HIGH,7.5,CVSS:3.1/AV:N/AC:L/PR:N/UI:N/S:U/C:H/I:N/A:N/E:3.9/RC:R/MAV:A,"","","",HIGH,63,"","","","","","","",""
Game Application,"Wed, 27 May 2026 19:46:11 +0530",tomcat-embed-core-10.1.40.jar,C:\Users\User\.m2\repository\org\apache\tomcat\embed\tomcat-embed-core\10.1.40\tomcat-embed-core-10.1.40.jar,Core Tomcat implementation,"Apache License, Version 2.0: http://www.apache.org/licenses/LICENSE-2.0.txt",469a77d350935dc68e88be91bc337ee1,fc1c09b726336dc6f7dde0408cebb1a56a3a28d3,pkg:maven/org.apache.tomcat.embed/tomcat-embed-core@10.1.40,"cpe:2.3:a:apache:tomcat:10.1.40:*:*:*:*:*:*:*, cpe:2.3:a:apache_tomcat:apache_tomcat:10.1.40:*:*:*:*:*:*:*",CVE-2025-52520,CWE-190 Integer Overflow or Wraparound,"For some unlikely configurations of multipart upload, an Integer Overflow vulnerability in Apache Tomcat could lead to a DoS via bypassing of size limits.  This issue affects Apache Tomcat: from 11.0.0-M1 through 11.0.8, from 10.1.0-M1 through 10.1.42, from 9.0.0.M1 through 9.0.106. The following versions were EOL at the time the CVE was created but are  known to be affected: 8.5.0 through 8.5.100. Other, older, EOL versions  may also be affected.   Users are recommended to upgrade to version 11.0.9, 10.1.43 or 9.0.107, which fix the issue.",NVD,"","","",HIGH,7.5,CVSS:3.1/AV:N/AC:L/PR:N/UI:N/S:U/C:N/I:N/A:H/E:3.9/RC:R/MAV:A,"","","",HIGH,63,"","","","","","","",""
Game Application,"Wed, 27 May 2026 19:46:11 +0530",tomcat-embed-core-10.1.40.jar,C:\Users\User\.m2\repository\org\apache\tomcat\embed\tomcat-embed-core\10.1.40\tomcat-embed-core-10.1.40.jar,Core Tomcat implementation,"Apache License, Version 2.0: http://www.apache.org/licenses/LICENSE-2.0.txt",469a77d350935dc68e88be91bc337ee1,fc1c09b726336dc6f7dde0408cebb1a56a3a28d3,pkg:maven/org.apache.tomcat.embed/tomcat-embed-core@10.1.40,"cpe:2.3:a:apache:tomcat:10.1.40:*:*:*:*:*:*:*, cpe:2.3:a:apache_tomcat:apache_tomcat:10.1.40:*:*:*:*:*:*:*",CVE-2025-53506,CWE-400 Uncontrolled Resource Consumption,"Uncontrolled Resource Consumption vulnerability in Apache Tomcat if an HTTP/2 client did not acknowledge the initial settings frame that reduces the maximum permitted concurrent streams.  This issue affects Apache Tomcat: from 11.0.0-M1 through 11.0.8, from 10.1.0-M1 through 10.1.42, from 9.0.0.M1 through 9.0.106. The following versions were EOL at the time the CVE was created but are  known to be affected: 8.5.0 through 8.5.100. Other EOL versions may also be affected.   Users are recommended to upgrade to version 11.0.9, 10.1.43 or 9.0.107, which fix the issue.",NVD,"","","",HIGH,7.5,CVSS:3.1/AV:N/AC:L/PR:N/UI:N/S:U/C:N/I:N/A:H/E:3.9/RC:R/MAV:A,"","","",HIGH,63,"","","","","","","",""
Game Application,"Wed, 27 May 2026 19:46:11 +0530",tomcat-embed-core-10.1.40.jar,C:\Users\User\.m2\repository\org\apache\tomcat\embed\tomcat-embed-core\10.1.40\tomcat-embed-core-10.1.40.jar,Core Tomcat implementation,"Apache License, Version 2.0: http://www.apache.org/licenses/LICENSE-2.0.txt",469a77d350935dc68e88be91bc337ee1,fc1c09b726336dc6f7dde0408cebb1a56a3a28d3,pkg:maven/org.apache.tomcat.embed/tomcat-embed-core@10.1.40,"cpe:2.3:a:apache:tomcat:10.1.40:*:*:*:*:*:*:*, cpe:2.3:a:apache_tomcat:apache_tomcat:10.1.40:*:*:*:*:*:*:*",CVE-2025-55752,CWE-23 Relative Path Traversal,"Relative Path Traversal vulnerability in Apache Tomcat.  The fix for bug 60013 introduced a regression where the       rewritten URL was normalized before it was decoded. This introduced the       possibility that, for rewrite rules that rewrite query parameters to the       URL, an attacker could manipulate the request URI to bypass security       constraints including the protection for /WEB-INF/ and /META-INF/. If PUT requests were also enabled then malicious files could be uploaded leading to remote code execution. PUT requests are normally limited to trusted users and it is considered unlikely that PUT requests would be enabled in conjunction with a rewrite that manipulated the URI.    This issue affects Apache Tomcat: from 11.0.0-M1 through 11.0.10, from 10.1.0-M1 through 10.1.44, from 9.0.0.M11 through 9.0.108.  The following versions were EOL at the time the CVE was created but are  known to be affected: 8.5.6 though 8.5.100. Other, older, EOL versions may also be affected. Users are recommended to upgrade to version 11.0.11 or later, 10.1.45 or later or 9.0.109 or later, which fix the issue.",NVD,"","","",HIGH,7.5,CVSS:3.1/AV:N/AC:H/PR:L/UI:N/S:U/C:H/I:H/A:H/E:1.6/RC:R/MAV:A,"","","",HIGH,63,"","","","","","","",""
Game Application,"Wed, 27 May 2026 19:46:11 +0530",tomcat-embed-core-10.1.40.jar,C:\Users\User\.m2\repository\org\apache\tomcat\embed\tomcat-embed-core\10.1.40\tomcat-embed-core-10.1.40.jar,Core Tomcat implementation,"Apache License, Version 2.0: http://www.apache.org/licenses/LICENSE-2.0.txt",469a77d350935dc68e88be91bc337ee1,fc1c09b726336dc6f7dde0408cebb1a56a3a28d3,pkg:maven/org.apache.tomcat.embed/tomcat-embed-core@10.1.40,"cpe:2.3:a:apache:tomcat:10.1.40:*:*:*:*:*:*:*, cpe:2.3:a:apache_tomcat:apache_tomcat:10.1.40:*:*:*:*:*:*:*",CVE-2026-24734,"CWE-20 Improper Input Validation, NVD-CWE-noinfo","Improper Input Validation vulnerability in Apache Tomcat Native, Apache Tomcat.  When using an OCSP responder, Tomcat Native (and Tomcat's FFM port of the Tomcat Native code) did not complete verification or freshness checks on the OCSP response which could allow certificate revocation to be bypassed.  This issue affects Apache Tomcat Native:  from 1.3.0 through 1.3.4, from 2.0.0 through 2.0.11; Apache Tomcat: from 11.0.0-M1 through 11.0.17, from 10.1.0-M7 through 10.1.51, from 9.0.83 through 9.0.114.   The following versions were EOL at the time the CVE was created but are  known to be affected: from 1.1.23 through 1.1.34, from 1.2.0 through 1.2.39. Older EOL versions are not affected.  Apache Tomcat Native users are recommended to upgrade to versions 1.3.5 or later or 2.0.12 or later, which fix the issue.  Apache Tomcat users are recommended to upgrade to versions 11.0.18 or later, 10.1.52 or later or 9.0.115 or later which fix the issue.",NVD,"","","",HIGH,7.5,CVSS:3.1/AV:N/AC:L/PR:N/UI:N/S:U/C:N/I:H/A:N/E:3.9/RC:R/MAV:A,"","","",HIGH,63,"","","","","","","",""
Game Application,"Wed, 27 May 2026 19:46:11 +0530",tomcat-embed-core-10.1.40.jar,C:\Users\User\.m2\repository\org\apache\tomcat\embed\tomcat-embed-core\10.1.40\tomcat-embed-core-10.1.40.jar,Core Tomcat implementation,"Apache License, Version 2.0: http://www.apache.org/licenses/LICENSE-2.0.txt",469a77d350935dc68e88be91bc337ee1,fc1c09b726336dc6f7dde0408cebb1a56a3a28d3,pkg:maven/org.apache.tomcat.embed/tomcat-embed-core@10.1.40,"cpe:2.3:a:apache:tomcat:10.1.40:*:*:*:*:*:*:*, cpe:2.3:a:apache_tomcat:apache_tomcat:10.1.40:*:*:*:*:*:*:*",CVE-2026-24880,CWE-444 Inconsistent Interpretation of HTTP Requests ('HTTP Request/Response Smuggling'),"Inconsistent Interpretation of HTTP Requests ('HTTP Request/Response Smuggling') vulnerability in Apache Tomcat via invalid chunk extension.  This issue affects Apache Tomcat: from 11.0.0-M1 through 11.0.18, from 10.1.0-M1 through 10.1.52, from 9.0.0.M1 through 9.0.115, from 8.5.0 through 8.5.100, from 7.0.0 through 7.0.109. Other, unsupported versions may also be affected.  Users are recommended to upgrade to version 11.0.20, 10.1.52 or 9.0.116, which fix the issue.",NVD,"","","",HIGH,7.5,CVSS:3.1/AV:N/AC:L/PR:N/UI:N/S:U/C:N/I:H/A:N/E:3.9/RC:R/MAV:A,"","","",HIGH,63,"","","","","","","",""
Game Application,"Wed, 27 May 2026 19:46:11 +0530",tomcat-embed-core-10.1.40.jar,C:\Users\User\.m2\repository\org\apache\tomcat\embed\tomcat-embed-core\10.1.40\tomcat-embed-core-10.1.40.jar,Core Tomcat implementation,"Apache License, Version 2.0: http://www.apache.org/licenses/LICENSE-2.0.txt",469a77d350935dc68e88be91bc337ee1,fc1c09b726336dc6f7dde0408cebb1a56a3a28d3,pkg:maven/org.apache.tomcat.embed/tomcat-embed-core@10.1.40,"cpe:2.3:a:apache:tomcat:10.1.40:*:*:*:*:*:*:*, cpe:2.3:a:apache_tomcat:apache_tomcat:10.1.40:*:*:*:*:*:*:*",CVE-2026-29146,"CWE-642 External Control of Critical State Data, CWE-209 Generation of Error Message Containing Sensitive Information","Padding Oracle vulnerability in Apache Tomcat's EncryptInterceptor with default configuration.  This issue affects Apache Tomcat: from 11.0.0-M1 through 11.0.18, from 10.0.0-M1 through 10.1.52, from 9.0.13 through 9..115, from 8.5.38 through 8.5.100, from 7.0.100 through 7.0.109.  Users are recommended to upgrade to version 11.0.19, 10.1.53 and 9.0.116, which fixes the issue.",NVD,"","","",HIGH,7.5,CVSS:3.1/AV:N/AC:L/PR:N/UI:N/S:U/C:H/I:N/A:N/E:3.9/RC:R/MAV:A,"","","",HIGH,63,"","","","","","","",""
Game Application,"Wed, 27 May 2026 19:46:11 +0530",tomcat-embed-core-10.1.40.jar,C:\Users\User\.m2\repository\org\apache\tomcat\embed\tomcat-embed-core\10.1.40\tomcat-embed-core-10.1.40.jar,Core Tomcat implementation,"Apache License, Version 2.0: http://www.apache.org/licenses/LICENSE-2.0.txt",469a77d350935dc68e88be91bc337ee1,fc1c09b726336dc6f7dde0408cebb1a56a3a28d3,pkg:maven/org.apache.tomcat.embed/tomcat-embed-core@10.1.40,"cpe:2.3:a:apache:tomcat:10.1.40:*:*:*:*:*:*:*, cpe:2.3:a:apache_tomcat:apache_tomcat:10.1.40:*:*:*:*:*:*:*",CVE-2026-34483,CWE-116 Improper Encoding or Escaping of Output,"Improper Encoding or Escaping of Output vulnerability in the JsonAccessLogValve component of Apache Tomcat.  This issue affects Apache Tomcat: from 11.0.0-M1 through 11.0.20, from 10.1.0-M1 through 10.1.53, from 9.0.40 through 9.0.116.  Users are recommended to upgrade to version 11.0.21, 10.1.54 or 9.0.117 , which fix the issue.",NVD,"","","",HIGH,7.5,CVSS:3.1/AV:N/AC:L/PR:N/UI:N/S:U/C:H/I:N/A:N/E:3.9/RC:R/MAV:A,"","","",HIGH,63,"","","","","","","",""
Game Application,"Wed, 27 May 2026 19:46:11 +0530",tomcat-embed-core-10.1.40.jar,C:\Users\User\.m2\repository\org\apache\tomcat\embed\tomcat-embed-core\10.1.40\tomcat-embed-core-10.1.40.jar,Core Tomcat implementation,"Apache License, Version 2.0: http://www.apache.org/licenses/LICENSE-2.0.txt",469a77d350935dc68e88be91bc337ee1,fc1c09b726336dc6f7dde0408cebb1a56a3a28d3,pkg:maven/org.apache.tomcat.embed/tomcat-embed-core@10.1.40,"cpe:2.3:a:apache:tomcat:10.1.40:*:*:*:*:*:*:*, cpe:2.3:a:apache_tomcat:apache_tomcat:10.1.40:*:*:*:*:*:*:*",CVE-2026-34487,CWE-532 Insertion of Sensitive Information into Log File,"Insertion of Sensitive Information into Log File vulnerability in the cloud membership for clustering component of Apache Tomcat exposed the Kubernetes bearer token.  This issue affects Apache Tomcat: from 11.0.0-M1 through 11.0.20, from 10.1.0-M1 through 10.1.53, from 9.0.13 through 9.0.116.  Users are recommended to upgrade to version 11.0.21, 10.1.54 or 9.0.117, which fix the issue.",NVD,"","","",HIGH,7.5,CVSS:3.1/AV:N/AC:L/PR:N/UI:N/S:U/C:H/I:N/A:N/E:3.9/RC:R/MAV:A,"","","",HIGH,63,"","","","","","","",""
Game Application,"Wed, 27 May 2026 19:46:11 +0530",tomcat-embed-core-10.1.40.jar,C:\Users\User\.m2\repository\org\apache\tomcat\embed\tomcat-embed-core\10.1.40\tomcat-embed-core-10.1.40.jar,Core Tomcat implementation,"Apache License, Version 2.0: http://www.apache.org/licenses/LICENSE-2.0.txt",469a77d350935dc68e88be91bc337ee1,fc1c09b726336dc6f7dde0408cebb1a56a3a28d3,pkg:maven/org.apache.tomcat.embed/tomcat-embed-core@10.1.40,"cpe:2.3:a:apache:tomcat:10.1.40:*:*:*:*:*:*:*, cpe:2.3:a:apache_tomcat:apache_tomcat:10.1.40:*:*:*:*:*:*:*",CVE-2026-41284,CWE-770 Allocation of Resources Without Limits or Throttling,"Allocation of Resources Without Limits or Throttling vulnerability in Apache Tomcat.  This issue affects Apache Tomcat: from 11.0.0-M1 through 11.0.21, from 10.1.0-M1 through 10.1.54, from 9.0.0.M1 through 9.0.117. Older, unsupported versions may also be affected.  Users are recommended to upgrade to version [FIXED_VERSION], which fixes the issue.",NVD,"","","",HIGH,7.5,CVSS:3.1/AV:N/AC:L/PR:N/UI:N/S:U/C:N/I:N/A:H/E:3.9/RC:R/MAV:A,"","","",HIGH,63,"","","","","","","",""
Game Application,"Wed, 27 May 2026 19:46:11 +0530",tomcat-embed-core-10.1.40.jar,C:\Users\User\.m2\repository\org\apache\tomcat\embed\tomcat-embed-core\10.1.40\tomcat-embed-core-10.1.40.jar,Core Tomcat implementation,"Apache License, Version 2.0: http://www.apache.org/licenses/LICENSE-2.0.txt",469a77d350935dc68e88be91bc337ee1,fc1c09b726336dc6f7dde0408cebb1a56a3a28d3,pkg:maven/org.apache.tomcat.embed/tomcat-embed-core@10.1.40,"cpe:2.3:a:apache:tomcat:10.1.40:*:*:*:*:*:*:*, cpe:2.3:a:apache_tomcat:apache_tomcat:10.1.40:*:*:*:*:*:*:*",CVE-2026-43513,CWE-178 Improper Handling of Case Sensitivity,"Improper Handling of Case Sensitivity vulnerability in LockOutRealm in Apache Tomcat.  This issue affects Apache Tomcat: from 11.0.0-M1 through 11.0.21, from 10.1.0-M1 through 10.1.54, from 9.0.0.M1 through 9.0.117, from 8.5.0 through 8.5.100, from 7.0.0 through 7.0.109. Older unsupported versions may also be affected.  Users are recommended to upgrade to version 11.0.22, 10.1.55 or 9.0.118 which fix the issue.",NVD,"","","",HIGH,7.5,CVSS:3.1/AV:N/AC:L/PR:N/UI:N/S:U/C:H/I:N/A:N/E:3.9/RC:R/MAV:A,"","","",HIGH,63,"","","","","","","",""
Game Application,"Wed, 27 May 2026 19:46:11 +0530",tomcat-embed-core-10.1.40.jar,C:\Users\User\.m2\repository\org\apache\tomcat\embed\tomcat-embed-core\10.1.40\tomcat-embed-core-10.1.40.jar,Core Tomcat implementation,"Apache License, Version 2.0: http://www.apache.org/licenses/LICENSE-2.0.txt",469a77d350935dc68e88be91bc337ee1,fc1c09b726336dc6f7dde0408cebb1a56a3a28d3,pkg:maven/org.apache.tomcat.embed/tomcat-embed-core@10.1.40,"cpe:2.3:a:apache:tomcat:10.1.40:*:*:*:*:*:*:*, cpe:2.3:a:apache_tomcat:apache_tomcat:10.1.40:*:*:*:*:*:*:*",CVE-2025-46701,CWE-178 Improper Handling of Case Sensitivity,"Improper Handling of Case Sensitivity vulnerability in Apache Tomcat's GCI servlet allows security constraint bypass of security constraints that apply to the pathInfo component of a URI mapped to the CGI servlet.  This issue affects Apache Tomcat: from 11.0.0-M1 through 11.0.6, from 10.1.0-M1 through 10.1.40, from 9.0.0.M1 through 9.0.104. The following versions were EOL at the time the CVE was created but are  known to be affected: 8.5.0 though 8.5.100. Other, older, EOL versions  may also be affected.   Users are recommended to upgrade to version 11.0.7, 10.1.41 or 9.0.105, which fixes the issue.",NVD,"","","",HIGH,7.3,CVSS:3.1/AV:N/AC:L/PR:N/UI:N/S:U/C:L/I:L/A:L/E:3.9/RC:R/MAV:A,"","","",HIGH,63,"","","","","","","",""
Game Application,"Wed, 27 May 2026 19:46:11 +0530",tomcat-embed-core-10.1.40.jar,C:\Users\User\.m2\repository\org\apache\tomcat\embed\tomcat-embed-core\10.1.40\tomcat-embed-core-10.1.40.jar,Core Tomcat implementation,"Apache License, Version 2.0: http://www.apache.org/licenses/LICENSE-2.0.txt",469a77d350935dc68e88be91bc337ee1,fc1c09b726336dc6f7dde0408cebb1a56a3a28d3,pkg:maven/org.apache.tomcat.embed/tomcat-embed-core@10.1.40,"cpe:2.3:a:apache:tomcat:10.1.40:*:*:*:*:*:*:*, cpe:2.3:a:apache_tomcat:apache_tomcat:10.1.40:*:*:*:*:*:*:*",CVE-2026-42498,CWE-200 Exposure of Sensitive Information to an Unauthorized Actor,"Exposure of HTTP Authentication Header to unexpected hosts during WebSocket authentication vulnerability in Apache Tomcat.  This issue affects Apache Tomcat: from 11.0.0-M1 through 11.0.21, from 10.1.0-M1 through 10.1.54, from 9.0.2 through 9.0.117, from 8.5.24 through 8.5.100, from 7.0.83 through 7.0.109.  Users are recommended to upgrade to version 11.0.22, 10.1.55 or 9.0.118, which fix the issue.",NVD,"","","",HIGH,7.3,CVSS:3.1/AV:N/AC:L/PR:N/UI:N/S:U/C:L/I:L/A:L/E:3.9/RC:R/MAV:A,"","","",HIGH,63,"","","","","","","",""
Game Application,"Wed, 27 May 2026 19:46:11 +0530",tomcat-embed-core-10.1.40.jar,C:\Users\User\.m2\repository\org\apache\tomcat\embed\tomcat-embed-core\10.1.40\tomcat-embed-core-10.1.40.jar,Core Tomcat implementation,"Apache License, Version 2.0: http://www.apache.org/licenses/LICENSE-2.0.txt",469a77d350935dc68e88be91bc337ee1,fc1c09b726336dc6f7dde0408cebb1a56a3a28d3,pkg:maven/org.apache.tomcat.embed/tomcat-embed-core@10.1.40,"cpe:2.3:a:apache:tomcat:10.1.40:*:*:*:*:*:*:*, cpe:2.3:a:apache_tomcat:apache_tomcat:10.1.40:*:*:*:*:*:*:*",CVE-2025-55668,CWE-384 Session Fixation,"Session Fixation vulnerability in Apache Tomcat via rewrite valve.  This issue affects Apache Tomcat: from 11.0.0-M1 through 11.0.7, from 10.1.0-M1 through 10.1.41, from 9.0.0.M1 through 9.0.105. Older, EOL versions may also be affected.  Users are recommended to upgrade to version 11.0.8, 10.1.42 or 9.0.106, which fix the issue.",NVD,"","","",MEDIUM,6.5,CVSS:3.1/AV:N/AC:L/PR:N/UI:R/S:U/C:H/I:N/A:N/E:2.8/RC:R/MAV:A,"","","",HIGH,63,"","","","","","","",""
Game Application,"Wed, 27 May 2026 19:46:11 +0530",tomcat-embed-core-10.1.40.jar,C:\Users\User\.m2\repository\org\apache\tomcat\embed\tomcat-embed-core\10.1.40\tomcat-embed-core-10.1.40.jar,Core Tomcat implementation,"Apache License, Version 2.0: http://www.apache.org/licenses/LICENSE-2.0.txt",469a77d350935dc68e88be91bc337ee1,fc1c09b726336dc6f7dde0408cebb1a56a3a28d3,pkg:maven/org.apache.tomcat.embed/tomcat-embed-core@10.1.40,"cpe:2.3:a:apache:tomcat:10.1.40:*:*:*:*:*:*:*, cpe:2.3:a:apache_tomcat:apache_tomcat:10.1.40:*:*:*:*:*:*:*",CVE-2026-34500,CWE-287 Improper Authentication,"CLIENT_CERT authentication does not fail as expected for some scenarios when soft fail is disabled and FFM is used in Apache Tomcat.  This issue affects Apache Tomcat: from 11.0.0-M14 through 11.0.20, from 10.1.22 through 10.1.53, from 9.0.92 through 9.0.116.  Users are recommended to upgrade to version 11.0.21, 10.1.54 or 9.0.117, which fixes the issue.",NVD,"","","",MEDIUM,6.5,CVSS:3.1/AV:N/AC:H/PR:N/UI:N/S:U/C:H/I:L/A:N/E:2.2/RC:R/MAV:A,"","","",HIGH,63,"","","","","","","",""
Game Application,"Wed, 27 May 2026 19:46:11 +0530",tomcat-embed-core-10.1.40.jar,C:\Users\User\.m2\repository\org\apache\tomcat\embed\tomcat-embed-core\10.1.40\tomcat-embed-core-10.1.40.jar,Core Tomcat implementation,"Apache License, Version 2.0: http://www.apache.org/licenses/LICENSE-2.0.txt",469a77d350935dc68e88be91bc337ee1,fc1c09b726336dc6f7dde0408cebb1a56a3a28d3,pkg:maven/org.apache.tomcat.embed/tomcat-embed-core@10.1.40,"cpe:2.3:a:apache:tomcat:10.1.40:*:*:*:*:*:*:*, cpe:2.3:a:apache_tomcat:apache_tomcat:10.1.40:*:*:*:*:*:*:*",CVE-2026-25854,CWE-601 URL Redirection to Untrusted Site ('Open Redirect'),"Occasional URL redirection to untrusted Site ('Open Redirect') vulnerability in Apache Tomcat via the LoadBalancerDrainingValve.  This issue affects Apache Tomcat: from 11.0.0-M1 through 11.0.18, from 10.1.0-M1 through 10.1.52, from 9.0.0.M23 through 9.0.115, from 8.5.30 through 8.5.100. Other, unsupported versions may also be affected  Users are recommended to upgrade to version 11.0.20, 10.1.53 or 9.0.116, which fix the issue.",NVD,"","","",MEDIUM,6.1,CVSS:3.1/AV:N/AC:L/PR:N/UI:R/S:C/C:L/I:L/A:N/E:2.8/RC:R/MAV:A,"","","",HIGH,63,"","","","","","","",""
Game Application,"Wed, 27 May 2026 19:46:11 +0530",tomcat-embed-core-10.1.40.jar,C:\Users\User\.m2\repository\org\apache\tomcat\embed\tomcat-embed-core\10.1.40\tomcat-embed-core-10.1.40.jar,Core Tomcat implementation,"Apache License, Version 2.0: http://www.apache.org/licenses/LICENSE-2.0.txt",469a77d350935dc68e88be91bc337ee1,fc1c09b726336dc6f7dde0408cebb1a56a3a28d3,pkg:maven/org.apache.tomcat.embed/tomcat-embed-core@10.1.40,"cpe:2.3:a:apache:tomcat:10.1.40:*:*:*:*:*:*:*, cpe:2.3:a:apache_tomcat:apache_tomcat:10.1.40:*:*:*:*:*:*:*",CVE-2025-61795,CWE-404 Improper Resource Shutdown or Release,"Improper Resource Shutdown or Release vulnerability in Apache Tomcat.  If an error occurred (including exceeding limits) during the processing of a multipart upload, temporary copies of the uploaded parts written to disc were not cleaned up immediately but left for the garbage collection process to delete. Depending on JVM settings, application memory usage and application load, it was possible that space for the temporary copies of uploaded parts would be filled faster than GC cleared it, leading to a DoS.    This issue affects Apache Tomcat: from 11.0.0-M1 through 11.0.11, from 10.1.0-M1 through 10.1.46, from 9.0.0.M1 through 9.0.109.  The following versions were EOL at the time the CVE was created but are  known to be affected: 8.5.0 though 8.5.100. Other, older, EOL versions may also be affected. Users are recommended to upgrade to version 11.0.12 or later, 10.1.47 or later or 9.0.110 or later which fixes the issue.",NVD,"","","",MEDIUM,5.3,CVSS:3.1/AV:N/AC:H/PR:L/UI:N/S:U/C:N/I:N/A:H/E:1.6/RC:R/MAV:A,"","","",HIGH,63,"","","","","","","",""
Game Application,"Wed, 27 May 2026 19:46:11 +0530",tomcat-embed-core-10.1.40.jar,C:\Users\User\.m2\repository\org\apache\tomcat\embed\tomcat-embed-core\10.1.40\tomcat-embed-core-10.1.40.jar,Core Tomcat implementation,"Apache License, Version 2.0: http://www.apache.org/licenses/LICENSE-2.0.txt",469a77d350935dc68e88be91bc337ee1,fc1c09b726336dc6f7dde0408cebb1a56a3a28d3,pkg:maven/org.apache.tomcat.embed/tomcat-embed-core@10.1.40,"cpe:2.3:a:apache:tomcat:10.1.40:*:*:*:*:*:*:*, cpe:2.3:a:apache_tomcat:apache_tomcat:10.1.40:*:*:*:*:*:*:*",CVE-2026-24733,"CWE-20 Improper Input Validation, NVD-CWE-noinfo","Improper Input Validation vulnerability in Apache Tomcat.   Tomcat did not limit HTTP/0.9 requests to the GET method. If a security  constraint was configured to allow HEAD requests to a URI but deny GET  requests, the user could bypass that constraint on GET requests by  sending a (specification invalid) HEAD request using HTTP/0.9.   This issue affects Apache Tomcat: from 11.0.0-M1 through 11.0.14, from 10.1.0-M1 through 10.1.49, from 9.0.0.M1 through 9.0.112.   Older, EOL versions are also affected.  Users are recommended to upgrade to version 11.0.15 or later, 10.1.50 or later or 9.0.113 or later, which fixes the issue.",NVD,"","","",LOW,3.7,CVSS:3.1/AV:N/AC:H/PR:N/UI:N/S:U/C:N/I:L/A:N/E:2.2/RC:R/MAV:A,"","","",HIGH,63,"","","","","","","",""
Game Application,"Wed, 27 May 2026 19:46:11 +0530",tomcat-embed-core-10.1.40.jar,C:\Users\User\.m2\repository\org\apache\tomcat\embed\tomcat-embed-core\10.1.40\tomcat-embed-core-10.1.40.jar,Core Tomcat implementation,"Apache License, Version 2.0: http://www.apache.org/licenses/LICENSE-2.0.txt",469a77d350935dc68e88be91bc337ee1,fc1c09b726336dc6f7dde0408cebb1a56a3a28d3,pkg:maven/org.apache.tomcat.embed/tomcat-embed-core@10.1.40,"cpe:2.3:a:apache:tomcat:10.1.40:*:*:*:*:*:*:*, cpe:2.3:a:apache_tomcat:apache_tomcat:10.1.40:*:*:*:*:*:*:*",CVE-2026-43514,CWE-208 Observable Timing Discrepancy,"Observable Timing Discrepancy vulnerability when comparing AJP secret in Apache Tomcat.  This issue affects Apache Tomcat: from 11.0.0-M1 through 11.0.21, from 10.1.0-M1 through 10.1.54, from 9.0.0.M1 through 9.0.117, from 8.5.0 through 8.5.100, from 7.0.0 through 7.0.109. Older unsupported versions may also be affected.  Users are recommended to upgrade to version 11.0.22, 10.1.55 or 9.0.118 which fix the issue.",NVD,"","","",LOW,3.7,CVSS:3.1/AV:N/AC:H/PR:N/UI:N/S:U/C:L/I:N/A:N/E:2.2/RC:R/MAV:A,"","","",HIGH,63,"","","","","","","",""
